"","C17","C18","C19","C20","C21","C22","C23","C24","C25","C26","C27","C28","C29","C30","C31","C32","E10","E11","E12","E13","E14","E15","E16","E1","E2","E3","E4","E5","E6","E7","E8","E9"
"Pver_g130",953,775,584,602,381,818,580,859,981,878,987,884,648,867,810,980,949,458,1003,757,607,633,757,562,659,582,512,400,369,564,611,728
"Pver_g7878",297,402,161,312,146,235,160,577,560,213,625,472,220,363,370,538,471,467,753,578,660,686,640,244,794,500,514,316,198,592,677,178
"Pver_g1842",154,180,200,267,172,250,173,187,215,297,196,187,102,307,313,261,369,246,487,351,165,252,230,344,304,223,339,230,329,437,414,458
"Pver_g23161",337,155,130,167,125,137,97,89,210,54,55,247,68,128,65,97,110,60,487,81,409,153,333,983,465,435,189,580,417,101,280,341
"Pver_g26469",984,603,1584,1112,371,310,449,1052,1044,835,844,715,776,669,650,1231,762,842,1429,919,596,1153,1447,5261,992,16033,3810,3274,8346,1062,1714,686
"Pver_g7972",906,732,769,538,317,617,463,151,1053,920,644,417,378,463,405,865,746,891,649,1081,895,572,1217,1168,1521,709,695,480,735,710,956,1203
"Pver_g25888",238,441,276,477,207,338,345,526,542,209,430,433,258,436,314,468,375,121,503,355,195,276,271,104,233,203,107,83,84,391,189,391
"Pver_g26149",1075,830,1198,895,685,1074,707,1061,1766,889,1000,1157,745,1309,1001,1295,1487,797,1474,1303,1237,1255,1632,991,1245,1032,951,810,1138,1136,929,1500
"Pver_g6161",1528,532,2627,1414,222,616,667,881,1146,1423,1528,1063,1933,519,2021,1097,634,1033,1304,1194,636,925,898,18801,1445,5601,1616,9391,8272,779,1979,366
"Pver_g1594",2619,2422,3668,2766,1829,2350,2057,1555,2169,2319,2587,1800,1612,2918,3225,3181,4383,1622,3149,4070,3466,1834,3378,6492,3917,7274,3652,4998,7663,2261,3999,4803
"Pver_g82",97,104,71,120,40,226,95,179,371,99,136,266,78,142,131,218,308,176,366,204,181,121,384,194,241,274,130,91,260,169,186,159
"Pver_g25926",531,372,935,697,330,536,436,480,705,789,948,466,1285,850,830,561,665,605,1057,646,600,652,619,4151,1076,4444,1894,2845,5483,1142,930,749
"Pver_g5715",388,89,276,173,116,202,85,434,282,238,226,298,272,338,196,273,2038,967,1804,1472,1518,1974,1550,1992,1490,610,859,708,476,1398,1376,1503
"Pver_g5714",79,21,28,31,16,59,11,101,78,52,59,130,27,120,85,70,190,136,100,91,152,168,221,79,175,82,63,61,96,84,109,166
"Pver_g5713",108,31,116,80,71,143,59,177,283,88,140,342,73,204,155,224,418,269,350,234,333,309,410,259,214,142,196,149,245,174,194,308
"Pver_g4609",5804,4663,3706,4240,3196,5635,4165,5678,7613,5443,5657,5990,4626,6332,4324,7216,6494,3439,5729,5314,4673,4784,5624,3449,4753,3317,3154,2368,2304,4846,4010,4640
"Pver_g20439",89,62,49,116,45,30,726,33,135,46,82,69,61,57,69,59,89,132,126,87,42,800,1645,1454,43,116,801,39,56,103,31,139
"Pver_g13706",6221,5440,14625,4041,1636,3990,3303,3677,4334,4053,4321,3667,4138,4027,6388,4691,4370,3346,5909,5948,3512,2651,5276,40292,8223,20319,19692,17174,32770,7037,8706,4595
"Pver_g916",526,289,467,450,271,605,330,472,743,431,535,575,399,456,298,595,566,301,455,482,383,472,542,334,427,261,168,149,235,356,251,275
"Pver_g7459",5664,4989,4759,4723,2472,5522,4424,4651,6068,5079,5031,5648,3766,5174,5322,6221,7334,4161,7200,8062,5621,4147,6236,6453,7182,5603,4194,3458,6061,5958,6146,7193
"Pver_g19051",43,31,1807,100,250,53,41,784,868,9,50,75,33,25,8,40,24,57,26,22,11,9,2454,14,32,26,35,10,847,35,4,25
"Pver_g9266",50,121,53,87,33,60,41,48,120,30,80,160,39,33,48,158,204,119,56,58,54,36,130,221,138,161,242,108,140,151,162,46
"Pver_g19527",1634,1361,1269,1437,522,1726,1313,752,1971,732,7567,794,973,1110,422,2269,970,2507,1388,10666,19484,3458,1976,879,3990,8186,1597,5570,1455,2261,1909,1145
"Pver_g15382",794,899,646,814,655,995,712,1012,1359,979,1083,1157,769,1397,883,1352,1319,635,1100,1005,702,813,847,720,855,681,740,547,497,702,691,1004
"Pver_g16771",91,121,122,1007,30,33,84,333,357,935,13,145,143,1139,73,111,204,52,92,50,93,174,36,77,124,50,94,49,83,47,109,55
"Pver_g11517",2660,2732,3510,1022,95,136,142,1142,632,646,1214,1274,704,389,1941,300,1135,1006,1160,930,631,685,913,17609,1169,5092,8187,6940,7406,374,2323,218
"Pver_g8523",2182,1866,1500,1685,2094,2956,3554,2290,2271,2141,1120,1687,1814,3933,2030,2646,2010,1044,2104,1905,792,2007,2103,575,2073,945,1718,591,689,1117,1290,2597
"Pver_g26232",1033,625,1302,849,312,844,245,334,337,1106,811,297,1740,427,2093,1411,328,1311,619,1518,962,560,820,3869,1134,4558,3783,3944,4933,806,2334,800
"Pver_g12577",1232,1239,998,1026,701,1090,829,1091,1551,1255,1278,1151,729,1358,1092,1406,1917,906,1883,1544,1651,1273,1675,1217,1567,1205,844,864,1023,1155,1138,1738
"Pver_g6289",2122,2369,1393,2208,1951,3456,2788,2298,5230,2828,3701,3585,2466,2712,2060,3528,1193,649,1070,1558,1227,1704,1856,510,871,744,754,604,398,1296,1037,1391
"Pver_g23053",5564,3664,5717,4352,2354,4093,2646,3954,5719,4332,5841,5071,3577,5994,4454,4543,5471,3410,6826,5203,4735,4268,5685,7614,6483,6765,4782,5642,7611,4761,4570,5218
"Pver_g71",3391,2914,2171,2415,1755,3805,2325,3428,3340,3031,2670,3246,2583,3178,2613,3184,3802,1616,3746,3442,2283,2612,2924,2173,2358,1934,1737,1215,1549,2278,1877,3058
"Pver_g11124",3380,2431,1930,2133,1544,3118,2343,3487,4051,2961,3758,3507,2337,2694,2229,3523,3136,1518,3504,2788,2543,2753,3398,1876,2196,1500,1456,954,950,2331,2078,2447
"Pver_g11126",46,216,159,281,79,45,67,36,140,92,344,129,21,78,76,122,53,297,192,263,122,370,182,168,388,595,108,198,465,199,467,75
"Pver_g3620",779,547,408,621,386,663,488,682,778,479,635,589,452,703,523,825,711,353,690,660,529,451,636,377,507,364,323,273,263,344,443,643
"Pver_g4013",441,357,322,379,277,579,473,483,709,525,350,602,331,631,387,543,546,136,575,418,368,350,531,204,343,208,166,69,131,243,220,392
"Pver_g4016",6273,7664,8455,8603,3317,4489,4230,3617,4971,6775,4549,3329,4279,5756,8325,6548,7700,4008,7989,9272,5104,4567,6890,18471,10666,16764,11151,11708,25432,6104,9903,10701
"Pver_g7920",198,184,156,142,73,166,97,124,284,136,261,238,228,149,159,386,184,219,305,259,225,186,278,330,350,339,124,301,232,363,308,126
"Pver_g7929",1186,728,922,870,490,1147,607,1043,1377,889,1353,1076,644,998,983,1250,1203,456,1139,1014,837,807,909,635,1024,473,433,412,530,740,515,778
"Pver_g12312",443,369,1276,631,127,102,159,42,137,498,293,37,149,181,614,374,273,211,484,360,313,257,275,2012,669,3191,2543,2183,2164,200,818,422
"Pver_g16605",868,288,1863,395,104,156,74,148,129,464,302,120,468,176,536,392,254,575,213,144,163,167,233,8122,536,2580,4156,3936,5067,300,1401,199
"Pver_g18735",877,1622,624,1109,1173,1103,1427,1135,2190,580,1200,746,400,1261,1278,1054,2255,608,1737,2702,1337,1261,2292,1686,2015,1520,1267,933,1906,1305,1981,2974
"Pver_g26142",222,182,236,235,270,275,176,177,320,316,295,280,104,415,312,301,415,261,386,405,250,296,333,401,416,407,300,426,486,196,340,577
"Pver_g6070",1164,1457,995,1537,929,1285,1501,1082,1367,1296,1011,1034,878,1678,1609,1628,2979,850,1719,2208,1362,1275,1848,2650,1740,3073,1558,1924,4044,1218,1833,2957
"Pver_g2043",632,419,387,610,221,802,559,698,963,625,582,772,593,693,485,801,615,375,481,361,318,558,503,285,348,383,340,260,197,521,581,417
"Pver_g12076",28,32,40,41,22,26,12,13,64,25,29,40,26,31,28,52,109,32,41,63,44,92,54,40,60,32,58,22,18,51,69,50
"Pver_g3259",131,6,36,63,31,20,30,14,129,28,434,372,78,93,50,0,17,0,72,10,18,35,41,35,40,0,14,24,13,19,22,9
"Pver_g19246",3635,4306,4204,3532,2694,3452,2496,2849,4887,3349,3734,4158,2881,4713,3432,4531,3785,3696,5499,3685,3200,4620,4518,5280,5253,5201,5385,3527,5858,5164,3766,6396
"Pver_g17354",40,86,43,32,199,599,4,26,17,73,6,64,165,573,3,780,77,7,6,6,12,0,94,38,47,7,1,0,6,827,0,0
"Pver_g11179",302,304,511,189,352,250,60,110,198,248,145,79,168,462,813,168,152,80,684,266,86,161,200,1246,572,2339,1098,1076,4323,61,696,776
"Pver_g8105",21737,25376,25972,28419,23872,29509,17987,18257,48925,24066,42344,29881,19037,33124,24401,51362,27490,28667,34643,41089,43101,48766,45123,33755,56701,37541,32125,23532,25930,37145,49437,36304
"Pver_g8101",3123,4058,3577,4533,2804,4668,4501,3903,6062,2755,3558,3552,2310,4138,4510,4544,7912,3005,6573,7785,4621,4660,6521,4485,4315,5991,3832,4782,9999,4216,4957,8507
"Pver_g7742",632,893,512,477,949,318,279,600,755,326,1120,409,199,1410,559,554,723,947,1841,2484,1715,2930,955,114,1518,924,2188,566,893,1360,954,709
"Pver_novel_187_5de57afd",6175,7299,13472,8581,6899,6397,6114,1204,3875,3999,4076,2321,1728,4422,8455,6517,12612,4020,12591,19865,11173,10866,17182,28379,13048,16672,16828,15057,20067,5259,13477,19546
"Pver_g16112",202,142,46,147,584,116,144,216,694,162,192,399,130,392,492,327,486,331,281,1043,1039,463,729,230,1144,963,634,442,243,232,665,805
"Pver_g25828",297,337,393,243,141,285,259,217,449,300,322,383,278,271,317,510,266,315,464,352,314,308,406,370,610,596,354,465,543,437,406,359
"Pver_g10185",54,24,151,48,38,60,22,8,26,96,87,21,58,25,39,33,33,44,76,67,104,31,25,263,86,196,165,386,286,75,103,94
"Pver_g10186",66,25,472,80,22,30,6,20,29,158,68,81,72,41,102,69,25,46,29,44,47,20,54,1239,155,1274,552,993,2560,68,201,52
"Pver_g10188",47,37,152,84,11,22,0,17,49,40,33,0,98,32,134,22,51,0,35,8,40,55,49,2244,24,693,401,921,687,25,62,89
"Pver_g16932",45,15,115,43,6,28,11,62,13,39,38,0,11,18,27,7,44,56,65,31,47,12,14,163,186,395,317,124,388,31,40,22
"Pver_g9980",155,41,30,33,4,73,11,5,31,31,158,35,98,30,47,247,30,165,37,34,102,25,89,724,86,445,205,285,231,242,264,14
"Pver_g1867",1602,1176,940,1138,866,1507,1317,1662,2201,1431,1677,1667,1300,1922,1302,2318,2092,1007,1524,1282,1385,1230,1549,1025,1113,980,899,712,881,1258,1005,1343
"Pver_novel_715_5de57afd",317,120,268,387,73,226,173,245,339,342,207,283,490,164,453,494,149,416,381,193,139,345,342,1621,444,998,190,477,3807,444,438,135
"Pver_g3838",2545,1846,1824,1758,990,2644,2180,4048,3868,2347,3334,3302,1806,1685,1835,2353,3038,1307,3686,2969,1288,1545,3125,1011,1338,911,578,788,775,1340,733,1348
"Pver_g17946",321,388,283,340,340,551,667,174,329,369,365,295,250,560,521,434,319,94,321,449,181,202,363,102,334,186,198,160,239,268,255,243
"Pver_g11103",50,34,0,77,115,0,67,72,202,101,138,138,86,167,47,179,195,372,159,172,336,211,240,211,195,271,275,301,105,151,118,105
"Pver_g18259",4330,3900,3368,3282,2139,6040,4336,4264,4559,5349,5095,3492,3749,4425,2676,4557,3791,3220,4161,4955,2337,2819,3287,2536,3285,1890,2035,1886,1803,3008,2327,4955
"Pver_g23813",1112,1261,2540,1481,1522,2606,1997,1922,3120,2132,2100,5715,2543,2430,2592,3013,3646,1729,4116,3334,3565,3413,3862,2697,4276,3191,3040,2936,3785,3368,2258,2826
"Pver_g7904",192,387,453,591,274,287,145,73,402,181,595,278,140,335,291,427,285,344,386,380,602,524,536,445,906,1080,457,418,658,401,582,357
"Pver_g1773",555,1142,1476,53,18,18,20,229,91,796,441,378,189,79,52,78,39,11,16,11,24,31,205,94,32,33,98,21,36,23,226,167
"Pver_g1577",571,583,598,712,387,704,444,439,1404,412,941,743,471,725,679,1303,1305,676,1346,813,1199,943,1147,999,1143,1213,735,464,540,1145,658,983
"Pver_g8190",951,800,586,721,512,657,626,771,1304,822,996,840,689,1060,718,1093,987,514,842,887,672,694,868,530,718,439,455,421,306,776,714,783
"Pver_novel_520_5de57afd",447,298,1902,1302,59,217,64,126,170,442,233,87,287,209,830,279,186,293,278,241,222,161,332,5711,868,3959,3364,4585,10260,426,991,199
"Pver_g9534",1813,1483,998,1401,1057,1730,1078,1774,2158,1893,1459,1458,1017,1769,1257,2017,1767,747,1690,1331,1360,1447,1933,1088,1361,774,695,651,702,1217,1223,1393
"Pver_g16873",5344,4993,7277,4712,2682,4669,3990,5529,7594,5148,5967,6058,4165,6587,6277,6144,7357,4435,7432,6919,5316,4638,7218,7411,7642,10009,5312,7443,12545,7637,5704,6527
"Pver_g16877",304,367,290,382,194,244,99,305,350,199,165,349,344,158,156,213,324,313,294,254,369,406,394,4413,221,4147,568,2019,1208,381,322,175
"Pver_g11858",51,68,70,143,48,36,62,19,120,57,56,53,0,34,60,74,35,110,136,106,68,252,173,106,152,558,137,249,132,61,235,94
"Pver_g11857",16,0,77,204,58,98,89,214,495,43,436,94,12,557,1082,30,354,1864,65,487,1235,240,655,2180,18,15,1017,3719,110,92,200,470
"Pver_g18067",438,819,604,728,490,567,820,297,657,794,408,409,301,767,911,861,1253,219,780,845,261,516,732,2232,808,2754,2182,2671,2088,482,1310,1568
"Pver_g8581",1818,859,3763,1983,243,1135,348,777,648,1617,657,588,679,1402,1685,1393,1197,413,2184,2765,1096,754,1197,3063,6274,8032,2055,2564,13345,3199,1677,1424
"Pver_g5180",1123,1100,1002,1036,772,1118,1357,1604,1615,1179,1206,1333,1017,1582,1211,1448,1937,826,1214,1048,858,1045,1199,590,872,789,731,574,617,1259,1072,878
"Pver_g5181",72,76,52,82,47,218,95,83,108,221,127,116,45,76,53,116,490,126,223,90,235,437,197,125,206,170,174,53,296,82,95,42
"Pver_g18899",504,345,627,359,9,94,44,54,50,249,82,21,182,92,474,301,94,184,211,354,93,18,138,604,1371,798,788,1280,6822,856,460,215
"Pver_g18898",98,55,89,50,2,16,6,6,0,18,9,4,23,6,44,16,9,5,22,54,11,7,4,46,270,82,100,163,796,205,54,50
"Pver_g10794",0,4,418,0,3,5,6,17,86,0,26,0,0,8,3,10,0,29,90,32,58,126,4,21,52,30,12,0,68,11,16,450
"Pver_g25980",35,101,83,149,18,31,56,11,39,74,113,56,32,89,98,59,81,71,91,90,129,92,151,240,75,371,137,207,364,58,87,92
"Pver_g19273",76,266,172,231,430,422,482,49,33,12731,332,227,370,855,68,1288,1451,2805,385,719,1007,527,3633,2488,783,29,2369,49,575,64,528,1051
"Pver_g7570",5140,4259,3811,4076,2490,5148,3334,5165,8194,5447,5987,6362,3363,5437,4047,7061,5661,3502,4699,4921,3384,5154,4852,3883,3302,2896,2663,2484,1846,3194,2743,2786
"Pver_g15",2198,2048,1421,890,738,1214,1527,1083,984,1768,763,473,1132,1608,2057,1014,919,437,1046,794,427,899,791,454,1499,744,875,464,976,585,587,639
"Pver_g14",2447,1893,1389,1809,1232,2253,1665,2522,2857,2059,2192,2361,1772,2755,1961,2427,2765,1490,2483,2221,1645,2051,1936,1721,1909,1398,1358,1155,1137,1760,1594,2140
"Pver_g14127",325,392,1199,696,2472,907,618,211,387,853,426,234,100,702,1702,154,2562,1049,1768,500,690,2030,2089,462,3216,834,8465,495,1297,489,2837,14640
"Pver_g13474",947,658,698,763,521,810,612,985,1075,959,864,838,722,1136,698,921,1159,560,1024,795,635,678,832,756,671,650,559,420,559,572,567,789
"Pver_g10341",95,19,37,30,0,126,0,47,23,0,32,12,22,38,50,64,34,32,354,42,23,20,25,40,285,267,79,201,493,921,34,25
"Pver_g10340",1095,922,1135,1197,798,1086,1068,981,1348,1100,1106,1098,893,1354,1658,1360,1747,817,1604,1147,1124,1045,1233,2538,1670,2565,1496,1512,3471,1405,1257,1679
"Pver_g23200",77,417,509,759,157,43,125,499,4360,349,257,3125,138,470,98,118,265,27,196,117,129,19,367,72,98,182,109,298,65,41,36,38
"Pver_g11579",36,25,27,27,61,26,10,37,133,57,17,99,34,55,6,35,69,89,64,40,156,41,205,44,217,107,38,71,46,112,63,41
"Pver_g14710",5132,5719,9406,4999,1661,5078,2794,4631,3163,4044,3516,3978,4718,2297,5650,5454,4344,3048,3770,5852,2346,2853,4753,24119,6130,21323,11790,11400,29619,5692,9617,4134
"Pver_g7256",1809,1062,1765,1366,589,1365,725,1208,1633,1580,1942,1278,1520,1235,2048,1762,1804,1469,2076,1958,1422,1089,2429,2189,1599,4590,2100,3126,3295,1262,1703,1483
"Pver_g22809",641,544,439,413,273,530,396,494,566,597,542,577,426,440,434,624,593,176,498,539,318,407,597,494,323,317,225,157,248,386,331,466
"Pver_g1156",3631,1678,1832,1579,1018,1750,1725,2528,2758,889,2326,2543,1746,1816,2059,1733,3287,3074,3692,1979,1894,1875,3999,3102,1712,2656,2266,1835,3245,4281,2248,2459
"Pver_g2753",1033,605,1618,688,266,549,283,602,658,919,870,494,580,1006,892,664,819,584,1147,679,644,509,792,3670,1889,3506,1740,2262,4361,749,721,753
"Pver_g4261",241,278,255,207,133,326,147,224,426,311,258,271,257,297,241,350,327,307,402,315,203,201,442,470,444,512,206,475,472,397,276,333
"Pver_g10859",217,260,314,924,282,99,148,168,329,284,1026,182,84,648,419,422,190,712,1156,370,486,760,528,394,562,2783,943,882,847,826,650,1111
"Pver_g16339",614,352,343,381,345,487,332,627,467,603,548,432,357,518,445,459,611,264,540,438,421,399,426,313,340,248,249,196,214,298,293,385
"Pver_g8906",20,13,15,33,9,41,10,33,50,11,125,42,39,37,15,18,16,79,61,49,38,88,36,163,95,163,26,151,109,40,31,36
"Pver_g5890",4174,3705,3650,3175,2665,3779,2679,4090,5459,3685,4620,4712,2963,5413,3657,4502,5539,3140,5986,4309,3915,4388,5543,3678,5395,4220,3098,2780,3102,3917,3430,5591
"Pver_g13227",881,32,64,74,34,28,56,35,24,48,26,67,37,70,45,45,716,40,805,98,40,35,908,126,68,987,68,1151,2367,39,39,664
"Pver_g1402",2144,1718,1584,1481,953,1754,1387,1871,2950,1811,2053,2030,1583,2073,1640,1826,2150,1002,2032,1848,1306,1436,1976,1073,2033,1375,928,1126,1107,1857,1219,1630
"Pver_novel_607_5de57afd",106,81,78,108,35,117,24,31,120,74,86,90,78,106,76,111,151,32,173,94,86,76,127,230,200,167,108,164,116,119,103,112
"Pver_g3301",472,494,642,401,224,645,347,618,516,502,429,536,619,714,654,598,322,1279,572,440,541,855,479,1835,1546,1590,1334,1277,4308,608,1149,958
"Pver_g7352",4831,4262,3993,4016,3496,5121,4117,4434,6186,5280,4488,5065,3984,6154,4483,6338,6285,3096,4880,4890,3747,4764,5104,3597,4620,3558,3447,2401,2918,3743,3644,5367
"Pver_g23130",1804,1365,1103,1391,669,1758,1094,1489,2044,1820,2060,2251,1269,1598,1371,2022,1798,997,1706,1660,1204,1613,1726,1087,1534,770,775,735,607,1269,991,1239
"Pver_g5996",1104,847,701,765,456,854,694,1128,1164,731,1022,1095,903,1069,768,1099,1110,548,1028,984,616,803,951,658,845,644,436,502,467,812,691,731
"Pver_g16001",42,16,514,22,12,73,59,15,39,22,71,45,112,30,0,34,488,23,43,80,15,32,23,485,43,527,54,27,602,27,0,88
"Pver_g25354",18,11,3,3,11,9,30,1,25,66,8,15,17,42,7,20,118,53,12,10,56,0,186,14,22,7,2,90,140,182,99,103
"Pver_g23231",571,518,540,481,331,599,539,623,795,565,724,652,416,863,467,762,946,308,741,547,445,511,531,317,435,398,326,276,206,401,354,597
"Pver_g5023",5145,2431,11180,2820,842,2102,1023,2039,2021,6217,3490,2239,3868,2972,5731,3273,2776,2875,3724,2817,2830,1702,2767,30443,6719,17617,9794,15928,19710,3333,5408,3106
"Pver_g15783",1495,2053,2715,2116,1269,1770,1121,970,1632,1280,1255,1357,908,1908,1697,1482,3855,939,3107,3658,2205,1971,2982,5467,2104,3441,3629,1895,2915,1856,3472,3381
"Pver_g14546",925,578,1532,512,246,714,304,599,642,1186,797,559,882,770,630,609,748,610,858,682,504,600,752,3320,1263,1922,2380,1501,4704,676,880,665
"Pver_g12211",498,347,414,354,278,568,396,362,485,470,671,590,419,450,419,501,436,254,529,447,370,381,401,445,423,317,244,235,181,280,325,439
"Pver_g12218",588,803,260,561,602,800,764,825,1478,628,936,1078,818,1045,618,1177,775,387,598,542,587,564,911,304,529,327,347,302,273,713,560,716
"Pver_g5919",46,9,46,390,0,41,11,11,102,38,16,34,7,15,23,25,29,23,76,84,470,852,8,0,20,35,241,60,63,77,38,146
"Pver_g14591",2298,891,2149,1485,520,963,625,1293,1297,1023,1218,1607,924,1649,1719,981,2874,1607,3314,1556,1440,1006,1528,2283,1925,2776,1305,2021,3136,1386,1178,1264
"Pver_g19702",375,264,326,286,882,436,266,295,571,281,797,321,244,657,764,616,342,501,584,711,523,1947,1243,657,1961,1117,694,372,299,701,845,2089
"Pver_g616",11,40,37,54,26,47,20,30,53,45,11,34,28,61,42,23,62,71,60,34,19,120,61,55,83,98,158,29,36,47,32,95
"Pver_g12634",1145,2856,2042,2119,1444,1717,2428,748,1210,1541,1003,730,756,1841,2346,1559,3583,787,1869,3680,1852,1366,2219,3359,2616,5498,2386,2855,9037,1297,2459,4198
"Pver_g10672",1752,1540,2277,1891,484,1430,1034,1653,1652,1197,1845,1530,1333,1180,1802,1934,1381,1519,1897,2078,1166,1507,1958,3250,2507,2865,2593,3216,5747,2741,2797,1301
"Pver_g6350",2358,2065,2551,2114,1117,1869,1449,2292,2869,1957,2650,2402,1790,2402,2401,2470,3641,1861,3147,2746,1873,1571,2892,2589,2688,3018,2457,2140,2819,2479,2803,2303
"Pver_g25700",8066,7694,8043,7493,4984,6380,6880,7406,10589,6220,7520,9651,5477,8969,8384,8056,13157,5443,13551,11153,7369,8502,10490,9643,9788,9732,5921,6597,10317,9407,7894,9861
"Pver_g1188",1284,1035,930,912,776,1329,1018,1251,1767,1113,1349,1464,982,1979,1111,1301,1935,713,1518,1242,914,985,1231,900,1055,819,701,563,638,953,857,1325
"Pver_g14886",1224,1149,973,1127,607,931,758,846,1602,1340,2596,1959,1124,1182,1122,1543,1825,1217,1799,2088,2778,1591,1920,1969,1946,2326,950,1839,1669,1469,1797,810
"Pver_g8459",630,467,437,330,226,500,266,431,812,500,499,414,356,530,676,495,613,245,426,448,460,341,493,208,370,332,291,187,195,328,280,395
"Pver_g25577",409,215,268,253,203,230,177,237,404,250,425,379,190,307,256,250,402,348,474,337,290,314,383,598,458,417,309,313,359,381,278,287
"Pver_g4764",3529,2650,5821,2926,1018,2351,1861,1688,1813,3227,2491,1573,2787,2539,3186,3157,2529,1892,2995,4304,1555,1858,2247,9500,6194,8610,3825,8874,13028,4066,3466,3283
"Pver_g630",68,43,113,81,90,114,21,13,128,217,145,62,107,104,130,130,60,81,97,39,66,165,25,375,233,726,252,370,386,62,530,240
"Pver_g16367",321,306,197,407,208,348,327,270,437,350,296,321,240,513,284,425,488,129,444,324,226,267,344,224,247,189,199,102,174,212,206,262
"Pver_g696",1552,1041,1025,1222,974,1411,871,1622,1680,1256,1607,1635,990,1478,1393,1290,1550,827,1629,1496,1145,1379,1438,1007,932,841,711,632,731,902,841,1287
"Pver_g8642",10290,9020,8550,9105,5905,11455,7515,10282,14733,12068,15489,12421,10528,9752,7809,13682,6231,4038,5622,7616,6581,5541,8274,4714,5093,4102,3464,3523,3056,4541,4458,8025
"Pver_g11363",85,107,24,104,357,43,78,170,409,150,96,342,97,314,353,186,239,259,233,611,687,288,404,165,689,627,616,249,163,190,396,629
"Pver_g13298",2795,2127,2005,1766,1536,2473,1927,2442,3689,2356,3035,2186,1989,2527,2131,2532,2618,1628,2762,2557,1796,2060,2526,1618,2140,1639,1427,1159,1301,2012,1860,2347
"Pver_g5863",1927,1899,1559,1387,1235,2233,1496,1809,2433,1662,2146,1945,1266,2617,1733,2150,2391,798,2495,1785,1252,1755,1873,1370,1817,1492,939,744,1286,1546,1382,1639
"Pver_g26107",377,72,1604,808,19,74,16,40,117,308,1068,58,91,78,558,58,161,188,570,275,198,158,649,5666,245,7130,2142,3754,2946,105,538,52
"Pver_g19013",2264,1862,1845,1671,1219,2084,1471,2035,2900,2257,2451,2380,1464,2219,1711,2433,2966,1744,3019,2646,1861,2243,2231,2221,2431,2019,1566,1353,2167,2181,1758,2377
"Pver_g1553",10645,10080,8953,9402,6091,9769,7186,9284,14776,10283,11803,10191,7610,10577,9547,11411,12929,7675,12962,12875,9013,9882,12869,11086,13099,11228,8496,8164,13029,10607,9165,11523
"Pver_g24074",333,138,109,175,102,101,99,95,205,52,84,150,84,106,76,114,103,75,365,109,374,118,260,919,394,302,194,525,446,79,323,249
"Pver_g10284",9724,7509,8811,7178,5036,8301,6414,8277,11804,8062,9710,8842,6231,10113,8658,9560,11489,7028,12427,9219,7654,8681,9937,15094,12017,15866,8209,10446,17158,7966,7443,11928
"Pver_g18546",7494,7391,7219,9337,4996,8025,7811,7650,11635,9535,8447,9406,5249,8468,7035,10170,13154,5519,13966,11061,8799,12837,15661,11660,10541,9430,6894,4640,11122,9062,9352,10894
"Pver_g6935",859,4088,1890,920,2826,1370,1348,1082,3656,1575,2998,2770,257,2052,1802,1462,1025,4206,2855,4129,2820,5100,4623,1393,2890,5658,1977,2809,3020,10202,4082,2044
"Pver_g11057",52,127,77,59,29,124,123,110,159,126,83,91,56,80,72,95,90,20,46,84,45,94,55,42,78,26,49,25,18,47,72,49
"Pver_g4366",1452,755,1425,917,364,720,513,770,966,1012,1974,905,1505,866,1247,2046,882,3123,936,1012,1291,891,1680,6761,1299,4500,3121,4605,2926,1526,2317,1209
"Pver_g8856",1766,1640,1061,1494,752,1608,1300,2118,2429,1047,1090,1741,1028,1883,1405,1713,2286,754,1805,1294,1229,1393,1372,991,960,644,603,367,457,841,1049,1207
"Pver_g19090",695,431,970,822,276,453,207,531,692,761,534,513,711,744,758,520,640,587,782,546,418,431,579,2583,1334,2097,867,1183,2583,1122,744,674
"Pver_g15541",2198,1266,5173,2518,675,1639,754,1689,1642,2418,1681,1546,2703,1875,3253,2048,1928,2028,2121,1851,1485,1187,1603,13358,3751,14533,4769,11385,19690,2504,2671,1865
"Pver_g5949",18,90,22,42,20,31,25,26,60,16,49,68,32,19,26,63,36,41,52,120,101,32,90,50,105,145,66,30,39,79,122,62
"Pver_g4156",10,69,261,203,42,121,227,174,26,103,50,175,139,159,154,21,22,11,22,54,37,36,48,22,12,19,127,9,12,20,11,31
"Pver_g14920",2423,1799,2314,2009,1415,2128,2058,1752,2896,1698,2394,2170,1283,2969,2159,2751,3836,1725,2952,3098,2512,2645,3266,2304,2286,1941,1510,1563,1896,2372,2513,3163
"Pver_g21328",113,160,148,550,168,467,158,199,490,254,448,736,274,558,144,142,257,35,121,197,137,322,250,221,169,73,52,168,69,151,95,161
"Pver_g19191",608,1279,1833,11,468,1343,43,1086,2061,1197,24,526,1016,298,2266,733,1889,6659,14241,722,843,8513,24445,18421,1404,1448,1318,107,16568,8958,512,86
"Pver_g19192",206,288,448,22,99,119,29,1561,981,513,60,164,208,636,142,229,401,1779,11085,303,252,6580,2608,8427,230,390,356,41,8148,6302,446,46
"Pver_g488",183,142,148,197,84,252,142,145,338,201,171,196,110,218,242,252,312,203,318,259,235,206,424,252,303,270,173,147,186,213,172,211
"Pver_g7958",58,91,50,104,39,17,49,11,86,90,128,64,27,94,49,93,51,116,141,81,66,110,80,84,160,288,136,115,90,67,128,132
"Pver_g9385",629,579,490,436,371,605,494,531,762,500,616,657,429,799,515,625,688,276,566,636,486,562,585,390,450,415,354,201,317,560,443,516
"Pver_g10191",1954,1251,3418,1396,790,1054,846,2442,2316,2065,1370,2127,2524,2333,2668,1236,3093,1273,4007,1383,1456,1613,2264,11255,3356,5464,2837,5305,5929,3691,2369,1967
"Pver_g7590",269,187,406,182,156,222,179,371,325,242,277,360,191,400,271,266,428,243,364,221,309,246,269,603,401,554,406,358,849,360,357,254
"Pver_g7331",87,104,71,95,208,74,63,166,320,103,74,298,54,176,193,210,215,257,268,332,421,236,350,133,390,547,406,174,138,125,222,313
"Pver_g2772",1403,925,1497,1637,659,868,741,1096,1854,1108,1510,1687,921,1412,2017,1795,1551,1453,2255,2465,1200,1355,1194,2723,1714,3455,1585,2754,2371,1575,1512,1558
"Pver_g16312",2535,2775,2107,2443,1342,1817,2043,1670,4005,2570,3644,2970,1811,2383,1871,3073,2811,2831,2966,4145,4756,1932,4401,4478,3065,2953,2248,2716,1723,4831,5135,2003
"Pver_g8671",203,214,194,464,130,906,221,182,664,133,429,214,186,426,72,565,983,326,1115,816,824,750,1719,719,689,1207,198,424,319,407,639,579
"Pver_g5098",820,776,2791,1735,248,1214,139,174,326,730,226,351,330,394,881,615,561,956,3103,711,718,1251,568,598,3102,6015,5235,2708,2754,728,2105,1736
"Pver_g5097",371,227,1820,697,86,883,37,103,204,295,101,142,134,157,189,344,268,461,1046,220,310,358,186,247,1499,2997,1789,1626,2046,262,1896,1044
"Pver_g21404",80,67,67,59,27,16,35,60,48,90,81,18,40,73,80,123,53,85,158,110,106,92,149,85,64,166,74,170,138,95,60,86
"Pver_g19655",50,27,55,30,12,17,30,15,0,15,18,3,35,19,52,13,5,18,14,56,10,0,6,45,99,135,162,301,485,58,55,45
"Pver_g8880",312,122,755,95,120,89,100,95,117,395,185,88,483,93,204,392,105,59,94,121,97,170,183,105,81,106,38,102,93,91,73,89
"Pver_g13770",528,764,1053,781,814,528,135,763,413,500,222,193,643,1033,1756,427,644,825,2041,866,469,1603,416,4799,1058,8037,1081,2420,9214,300,1585,2448
"Pver_g10560",837,627,708,747,462,993,496,571,1086,932,896,1053,579,655,551,794,815,537,545,601,600,822,936,251,588,411,367,279,145,571,392,311
"Pver_g18482",2101,1381,1298,1618,1040,1853,1261,1742,2580,1664,2056,1890,1255,2316,1428,2330,2028,984,1836,1641,1700,1492,1847,1161,1865,1308,1076,751,954,1422,1503,1689
"Pver_g13043",341,395,258,260,274,311,213,407,491,315,407,323,349,449,302,343,423,192,277,289,223,370,218,173,313,131,143,67,71,277,237,292
"Pver_g9786",1338,1309,997,1232,944,1653,1068,1225,1771,1349,1425,1330,1009,1541,960,1787,1318,647,1609,1252,885,1420,1401,778,1047,671,764,523,361,801,802,892
"Pver_g18523",5183,4772,5579,4596,2473,4500,3812,4691,6505,4528,5084,5929,3403,5373,4173,5577,6364,5066,7601,7774,5478,4436,7056,5889,6487,6286,3714,3430,6246,6235,4686,6105
"Pver_g15656",459,445,1131,419,75,185,95,730,334,579,299,254,558,617,531,341,722,178,1877,442,320,419,687,1867,2413,3544,936,1179,4898,346,294,168
"Pver_g15034",251,168,195,175,104,251,130,150,353,239,367,302,166,324,244,286,295,104,203,287,174,152,228,162,221,135,130,88,96,148,160,144
"Pver_g18313",604,814,846,695,172,461,243,124,271,599,503,250,287,325,356,525,364,328,507,847,340,499,581,2440,1093,900,672,986,4937,568,595,627
"Pver_g15598",839,839,515,811,585,1045,837,912,1428,911,837,1571,1009,1317,862,1040,1115,563,932,1078,599,858,1026,601,761,449,560,255,366,712,768,804
"Pver_g1502",42,60,52,89,50,57,38,19,83,43,53,87,45,109,38,110,149,153,69,86,95,102,151,76,128,154,91,49,48,121,175,78
"Pver_g774",731,491,340,344,355,440,587,470,555,573,386,533,295,452,395,802,662,248,477,375,352,565,416,329,380,296,227,205,224,344,353,330
"Pver_g6818",174,191,120,205,236,260,184,135,265,143,186,188,145,530,211,233,1699,755,1683,1256,1389,1625,1010,1478,2442,1336,1444,963,692,1195,2570,3695
"Pver_g6817",324,92,184,146,122,224,115,191,238,132,164,107,167,261,192,274,523,262,569,251,509,549,336,637,883,379,680,265,232,268,575,1619
"Pver_g17012",69,23,13,36,2406,59,18,92,90,16,261,51,21,12,10,21,120,1365,84,44,29,3713,25,31,4683,865,29,50,13,98,37,3551
"Pver_g23276",2531,1943,3250,2946,889,2207,1092,2145,2235,3024,2298,2067,1963,1981,2591,2399,2337,2147,3801,3383,1747,1542,2397,3745,4441,6777,2707,4989,6835,4052,2324,2414
"Pver_g13927",259,220,917,451,183,242,171,220,327,343,262,330,287,303,309,361,182,226,276,247,174,395,294,3489,516,1363,585,1726,2947,393,543,269
"Pver_g15186",3066,2813,2920,2955,1469,2885,1877,2145,3942,2526,3295,3185,2069,2664,2697,3989,3213,2390,3338,4398,3447,2912,3658,3120,4157,3658,2716,2516,2849,2883,2907,2947
"Pver_novel_374_5de57afd",264,193,169,161,184,363,247,188,377,318,447,345,204,217,173,225,199,161,278,233,158,257,261,161,157,115,124,83,92,161,180,199
"Pver_g8700",30,0,102,754,14,20,105,58,210,769,61,30,29,290,104,20,71,0,81,75,80,15,24,23,43,39,19,16,16,8,47,18
"Pver_g1821",1824,632,1033,2455,284,1658,1352,574,3205,292,11958,867,1292,2350,587,3677,1380,7719,1777,15197,33229,3378,1994,662,7619,15002,384,10371,2420,1971,2195,1105
"Pver_g7702",776,709,943,890,491,419,369,637,1213,719,1603,804,595,887,704,805,913,845,1504,756,743,1044,1118,1243,1334,3060,1110,1250,1366,1011,826,648
"Pver_g13183",773,734,582,683,327,762,603,859,1070,654,1001,853,542,1097,745,920,992,368,932,818,493,647,875,340,558,474,539,316,357,675,448,647
"Pver_g8933",324,314,431,419,79,244,147,206,420,261,168,320,432,137,249,256,363,260,261,645,250,233,334,478,647,766,446,1306,957,435,333,393
"Pver_g3638",1625,1245,1639,1883,1202,923,1391,1023,2578,1192,1595,2129,1150,1773,703,1703,1985,1971,2669,3025,1894,1933,1585,2507,934,3182,1969,867,3180,2003,2299,1629
"Pver_g5351",1423,1030,1243,1103,373,1070,559,1203,1340,1064,1125,1181,1329,864,1473,1527,1442,1247,1977,1410,1011,1026,1423,1631,2071,2170,1237,2117,1958,1912,1927,1132
"Pver_g15108",160,80,338,93,0,50,14,10,10,101,37,0,113,45,123,111,35,48,87,184,52,28,58,193,566,273,320,724,1975,304,171,85
"Pver_g12659",7665,3880,2683,5653,366,1966,1073,2199,1358,3242,5020,673,1828,2943,2421,2147,2052,1003,3520,9421,3526,2422,4635,18298,5375,13216,9264,9146,14396,4979,1376,1904
"Pver_g26406",239,265,327,299,293,321,227,221,334,333,254,240,196,500,352,371,588,292,684,377,233,319,289,518,409,375,403,326,443,438,538,685
"Pver_g20129",20,28,26,50,26,20,15,24,89,36,26,94,56,63,36,134,236,294,109,106,58,96,38,129,97,54,104,32,46,154,20,42
"Pver_g17502",919,802,1107,1092,536,897,582,851,1222,997,1270,987,602,1057,851,1208,1391,849,1399,1137,819,917,932,1645,1238,1533,1061,1260,1912,935,1116,1195
"Pver_g10413",2158,3958,1765,2904,2485,2081,1459,2110,7490,1223,3402,3683,1975,2574,2285,6835,5599,3525,3139,4962,5544,3807,5878,2479,7761,5906,4017,2793,2182,4131,5400,3249
"Pver_g23334",17,51,29,48,65,43,63,8,21,28,37,62,28,60,48,45,11,38,58,86,71,137,166,57,72,213,68,48,136,156,168,129
"Pver_g25550",71,90,94,266,93,325,130,127,296,184,257,489,167,380,73,84,121,67,76,90,81,229,137,113,61,49,40,131,52,121,53,126
"Pver_g13481",3528,3199,2748,2767,2417,3860,3426,3415,4300,4074,2884,3467,3542,5558,3591,4339,4178,1765,4120,3292,2333,3257,3509,2073,4139,1844,2193,1410,1691,2947,2556,3657
"Pver_g9166",932,839,742,918,840,1060,1141,1190,1551,1130,1249,1082,811,1490,1275,1347,1615,546,1243,922,685,682,1039,761,504,887,657,433,684,793,949,1120
"Pver_g18021",77,61,25,58,150,31,58,79,422,43,197,144,51,139,219,184,34,436,115,196,424,265,321,120,385,324,671,96,68,102,183,312
"Pver_g8017",460,186,93,266,140,261,235,108,468,115,288,114,314,138,162,475,115,91,46,39,188,226,200,111,126,95,80,72,78,88,148,143
"Pver_g17503",4082,2985,4756,3331,1874,2789,2347,3015,3853,3472,3622,3253,2801,3001,3951,3948,3737,2684,4205,4379,2981,3117,4104,6841,4632,6680,4553,4783,10047,4061,4239,4946
"Pver_g708",296,278,157,220,313,453,279,369,567,304,431,516,291,552,265,404,397,169,507,294,239,321,327,197,227,228,170,142,158,209,206,336
"Pver_g16616",201,351,138,204,284,175,154,264,587,164,270,378,225,280,177,415,636,276,258,348,499,451,512,174,616,587,408,285,204,377,511,287
"Pver_g16615",222,250,176,301,533,161,197,313,653,235,233,628,223,378,389,505,611,476,639,683,570,474,798,352,723,638,744,525,200,298,458,679
"Pver_g9616",789,564,506,646,387,592,450,693,1017,674,755,748,528,662,382,941,729,468,601,610,495,659,799,380,620,377,308,231,332,543,412,402
"Pver_g542",2183,1204,1944,1525,1010,2091,892,1184,1643,2209,1603,1197,1414,1606,1717,2179,1370,1468,2021,1819,1772,1493,2019,7113,2410,4159,3164,3273,3593,1232,1873,1864
"Pver_g14162",414,649,431,517,405,510,385,450,898,530,572,514,332,617,543,846,639,394,594,624,650,682,618,567,1078,812,703,513,718,546,764,812
"Pver_g22963",3141,3150,4531,3089,1781,4559,2847,5622,5342,4359,4766,5657,4076,3868,3600,4754,4813,2211,3495,4091,3065,2783,3689,2536,2961,1957,1503,2083,1734,2811,2313,3482
"Pver_g7210",139,168,163,164,230,100,97,166,291,138,198,418,125,170,248,204,267,203,314,342,347,223,381,166,435,374,399,230,143,240,257,233
"Pver_g8096",42,105,37,193,101,207,91,28,215,35,164,121,61,153,66,376,151,179,116,382,466,239,515,172,427,238,323,75,68,178,496,245
"Pver_g25793",1042,949,623,1002,501,1329,767,982,1326,763,1373,1176,865,1190,1148,1632,1176,1150,1276,1487,960,912,1413,891,1246,1498,1365,1084,1665,1406,1757,1453
"Pver_g11293",2160,2555,2240,2954,1271,2429,1874,1963,4389,1809,3276,3086,1788,2701,2523,3774,3599,1931,5366,2755,2755,4614,5883,3263,3444,3698,2287,1804,3144,2997,2869,3541
"Pver_g2049",260,149,354,219,71,178,100,308,321,268,241,185,259,262,235,416,318,256,325,250,326,195,226,969,302,1287,486,598,1933,261,565,166
"Pver_g15488",36,106,60,160,53,66,69,28,260,33,109,101,15,85,56,126,134,71,171,127,324,239,205,110,216,177,148,89,60,195,200,65
"Pver_g22846",323,187,402,297,49,162,73,246,283,182,129,309,318,176,245,376,193,138,197,338,141,240,237,1167,321,1352,486,695,1471,494,660,222
"Pver_g15307",381,357,373,1699,254,276,299,331,486,305,432,464,266,545,447,1686,474,268,3629,2036,1383,1416,1781,331,1576,2316,295,274,2444,1565,1130,462
"Pver_g5639",4246,2735,3217,2898,1986,3531,2750,3604,5295,3081,3367,3525,2408,3575,2846,3345,4211,2051,4380,3383,2524,3251,3684,2168,3020,2432,1965,1674,1605,2604,1964,3151
"Pver_g17677",2788,2364,2506,1867,1646,2685,1783,2384,3096,2520,2831,2926,1839,3061,2781,3102,2592,2050,3335,3556,2392,2894,4460,3011,3360,2641,2041,2226,2427,2998,2147,3837
"Pver_g5006",385,409,323,506,305,473,434,432,760,418,506,673,426,547,334,695,653,235,566,445,334,461,387,189,365,274,263,241,227,311,312,523
"Pver_g20449",66,94,107,0,26,34,6,121,140,249,12,45,70,22,157,35,239,438,830,64,65,709,443,1077,88,75,202,0,961,595,133,9
"Pver_g16517",3,1068,13,446,409,11,595,249,373,1050,7,20,0,680,4,482,10,20,0,20,0,0,12,10,0,2,4,261,12,14,11,6
"Pver_g12511",140,390,288,213,188,238,143,146,290,89,317,280,208,186,279,674,368,148,303,498,614,307,447,778,994,1251,443,338,423,506,1122,372
"Pver_g12512",1007,1291,905,734,1069,1240,674,484,2511,1200,1913,1501,910,1538,1332,2215,1926,1263,1476,1648,2590,1745,1786,2711,2887,2755,1340,1339,987,1605,2633,1412
"Pver_g14201",205,535,288,236,328,455,319,174,457,324,261,113,115,263,526,505,813,122,383,857,514,379,475,711,321,773,555,538,1148,291,373,878
"Pver_g15639",3593,3085,7939,3983,1752,3497,1693,3136,2116,5442,2710,2063,2913,4754,4032,2804,5343,2457,5924,4783,2273,2637,4011,11520,10647,9872,7159,9578,19440,4815,4925,6768
"Pver_g15637",827,419,879,738,159,319,338,685,1174,670,1410,736,313,584,464,567,1608,774,746,614,821,851,777,2187,1275,3775,828,1021,5267,1136,448,415
"Pver_g255",1216,1090,1268,1285,924,1190,1154,751,1218,762,926,966,477,993,1241,1419,2103,1450,2632,3152,2038,1976,2983,1740,2142,1965,1453,1347,1989,1773,1971,2639
"Pver_g8420",494,90,50,83,50,176,99,77,106,69,51,92,119,271,242,150,282,430,473,52,843,542,178,386,169,66,51,266,255,258,233,315
"Pver_g9487",24,40,56,80,27,111,57,30,72,43,179,51,31,77,34,182,87,94,86,146,228,154,149,113,144,341,174,121,63,51,234,58
"Pver_g18710",273,77,63,32,247,230,91,104,35,23,134,22,16,200,241,192,107,66,22,23,27,13,177,18,30,26,29,27,16,35,17,35
"Pver_g591",49,29,43,69,31,27,9,27,114,40,124,42,73,56,58,54,18,86,153,74,26,161,144,366,88,169,162,113,72,129,93,72
"Pver_g6093",37,7,15,29,28,20,27,0,35,19,44,26,35,5,12,13,108,34,59,11,42,0,37,19,48,364,113,294,647,43,122,348
"Pver_g9524",838,856,605,732,531,952,778,716,1269,647,1025,733,708,702,726,684,1174,657,1279,921,822,779,1310,2102,1006,1610,902,1505,2479,875,848,1103
"Pver_g6870",1742,1916,1195,1399,1056,1744,1109,1670,2834,1380,1990,2708,1253,2883,1725,2091,2434,940,2126,1605,1260,1157,2053,1277,1840,1195,934,869,977,1451,1368,1402
"Pver_g23719",484,206,1038,322,169,305,277,184,286,513,338,169,450,247,471,506,189,186,222,291,139,261,351,154,303,150,134,148,125,218,239,320
"Pver_g6370",979,1760,727,1329,1033,1390,1714,909,1314,926,1004,926,722,2004,1678,1444,3868,868,2298,2948,1481,1628,1737,1267,1451,2589,2100,1123,2816,1372,1951,3485
"Pver_g4149",6,45,11,25,9,3,6,23,28,12,13,10,0,15,0,13,5,27,499,10,15,61,40,4,81,40,37,8,16,6,72,13
"Pver_g5236",2271,1833,2191,2325,1598,1947,1995,1926,2504,2190,2937,2237,1698,2639,2219,1979,3171,2070,3119,4636,2236,1907,3367,2832,2904,2853,2049,1633,2875,2417,2260,3712
"Pver_g12427",1120,827,748,839,587,1067,702,1122,1362,980,994,1043,748,1311,883,1216,1254,572,734,889,835,1008,1102,586,917,655,559,556,607,824,735,955
"Pver_g16743",6820,5980,3968,4224,2597,7844,6857,8328,8020,6951,6479,8603,5577,6406,4970,7439,7324,3920,6995,7075,3022,4500,6786,2617,3608,2054,1741,2188,2701,5193,3358,6953
"Pver_g13944",4316,3820,3511,3456,2450,3566,2983,2774,4972,4174,4301,3876,2748,3651,3267,4310,1883,1937,1818,1852,1604,2214,1927,1410,1618,1412,1180,1170,851,1191,1220,2036
