"","baseMean","log2FoldChange","lfcSE","stat","pvalue","padj","gene_id","direction"
"Pver_g130",685.661774208878,-0.264916152454256,0.0578739348034412,-4.57746917250396,4.70635118771252e-06,0.00325400607304509,"Pver_g130","Downregulated"
"Pver_g7878",422.119980969208,0.65857398008065,0.19279553120445,3.41591932119144,0.000635670772396965,0.048634024504535,"Pver_g7878","Upregulated"
"Pver_g1842",269.072966314843,0.636483232528983,0.153242234448306,4.15344526148692,3.27506583453431e-05,0.00970459190461692,"Pver_g1842","Upregulated"
"Pver_g23161",244.654040598579,1.46377366520026,0.331325997602992,4.41792577639565,9.96526280642408e-06,0.00516754239084235,"Pver_g23161","Upregulated"
"Pver_g26469",2085.50631730157,2.08140060058646,0.40677860004051,5.11678982222559,3.10779596509025e-07,0.000423417039313168,"Pver_g26469","Upregulated"
"Pver_g7972",734.971658997499,0.641537562169333,0.181633306225899,3.53204803402877,0.000412354446262105,0.0403027895435653,"Pver_g7972","Upregulated"
"Pver_g25888",291.700528900783,-0.636954885275785,0.174237021857049,-3.65568051202327,0.00025650064337469,0.0319223600701248,"Pver_g25888","Downregulated"
"Pver_g26149",1084.6305492416,0.244311240248396,0.0629747032108225,3.87951396024063,0.000104665394409721,0.0189698406101036,"Pver_g26149","Upregulated"
"Pver_g6161",2575.68947348989,1.75460456288471,0.471722954026547,3.71956579154713,0.000199565560527597,0.0269963035067333,"Pver_g6161","Upregulated"
"Pver_g1594",3400.94881039311,0.877388873292257,0.2081847577492,4.21447219661128,2.50362990927994e-05,0.00805823502524793,"Pver_g1594","Upregulated"
"Pver_g82",172.932360897315,0.644125615966311,0.180654316813358,3.56551466540257,0.000363142853552625,0.0375963621919611,"Pver_g82","Upregulated"
"Pver_g25926",1301.95650593358,1.55603202817178,0.35320505600682,4.40546363000458,1.05557862645262e-05,0.005185668894373,"Pver_g25926","Upregulated"
"Pver_g5715",778.03903223173,2.52761699949727,0.174859111269964,14.4551632519445,2.32577702318452e-47,2.17088027344043e-43,"Pver_g5715","Upregulated"
"Pver_g5714",88.0229380498426,1.14139955459314,0.230732562438975,4.94685077185421,7.54237526000805e-07,0.00078222811863239,"Pver_g5714","Upregulated"
"Pver_g5713",195.383023548261,0.990702861194765,0.19251904685664,5.14599920044532,2.66100554635687e-07,0.000423417039313168,"Pver_g5713","Upregulated"
"Pver_g4609",4616.85273760278,-0.251172406092956,0.0603219561381255,-4.16386374337431,3.12906891772409e-05,0.00957597681247104,"Pver_g4609","Downregulated"
"Pver_g20439",208.881737174741,2.46770280710113,0.471625296855666,5.23233767050525,1.67379625472926e-07,0.000312464284832858,"Pver_g20439","Upregulated"
"Pver_g13706",9088.46893441608,1.46519961125272,0.369027193637255,3.97043805040822,7.17406084978959e-05,0.0163323619443746,"Pver_g13706","Upregulated"
"Pver_g916",391.912978067511,-0.367410497823268,0.105320773390792,-3.48849031387183,0.000485756420933124,0.0428328316587693,"Pver_g916","Downregulated"
"Pver_g7459",5344.91966620123,0.310246975111033,0.0725177923830704,4.27821869524343,1.88394880072297e-05,0.00676337619459548,"Pver_g7459","Upregulated"
"Pver_g19051",83.1985074509286,-2.42326035896717,0.515948821116531,-4.69670684337091,2.64389485271101e-06,0.00201301469244063,"Pver_g19051","Downregulated"
"Pver_g9266",100.742546386368,0.980175851536043,0.288142140176299,3.40170948593748,0.00066965783031459,0.0497878480783014,"Pver_g9266","Upregulated"
"Pver_g19527",2955.65814268683,1.56928128625065,0.399713105525945,3.92601909858768,8.63633012883419e-05,0.0181149450387727,"Pver_g19527","Upregulated"
"Pver_g15382",857.94320675556,-0.218612334727347,0.0641451911464499,-3.40808610622475,0.00065420247455703,0.0490467943575527,"Pver_g15382","Downregulated"
"Pver_g16771",181.996360179467,-1.68235144241169,0.43756268179959,-3.84482386727446,0.000120639058273983,0.0204735449078066,"Pver_g16771","Downregulated"
"Pver_g11517",2591.69922861709,1.8349701522757,0.537978210955541,3.41086333035028,0.000647575420790602,0.0489464152905021,"Pver_g11517","Upregulated"
"Pver_g8523",1819.55592404974,-0.637008845518526,0.187315912580612,-3.40071933421239,0.000672087942775442,0.0497878480783014,"Pver_g8523","Downregulated"
"Pver_g26232",1591.07867636478,1.44391722354153,0.402687101230286,3.58570517687329,0.000336168576743937,0.0360983956490794,"Pver_g26232","Upregulated"
"Pver_g12577",1202.37021557935,0.302719576645701,0.0568951577124503,5.3206562529566,1.03393601738888e-07,0.000214461306362395,"Pver_g12577","Upregulated"
"Pver_g6289",1844.07055462398,-1.37028017124568,0.146989892933933,-9.32227477614105,1.1387226116774e-20,4.25153474295873e-17,"Pver_g6289","Downregulated"
"Pver_g23053",5006.67367820406,0.417867986969732,0.120697441548243,3.46211138868847,0.000535955288945155,0.0454782424274007,"Pver_g23053","Upregulated"
"Pver_g71",2557.97284188282,-0.245047625376668,0.0717146624457877,-3.41698081005276,0.00063319742758195,0.048634024504535,"Pver_g71","Downregulated"
"Pver_g11124",2416.92934062609,-0.335449383525152,0.0970987268296468,-3.45472484014827,0.000550854697204623,0.045820560129863,"Pver_g11124","Downregulated"
"Pver_g11126",195.6933659955,1.23976683069494,0.352420064531807,3.51786676034459,0.000435030731515596,0.0413749963472268,"Pver_g11126","Upregulated"
"Pver_g3620",516.113763409963,-0.309440212386625,0.0801064196472566,-3.86286409690041,0.000112065359109523,0.0196507082295297,"Pver_g3620","Downregulated"
"Pver_g4013",363.285707948528,-0.62190267788773,0.15149363907228,-4.10514053062658,4.04069165046904e-05,0.0109321205407183,"Pver_g4013","Downregulated"
"Pver_g4016",8385.02234931279,0.987199029906065,0.250590757182573,3.9394869986638,8.16560268376836e-05,0.0179015744321941,"Pver_g4016","Upregulated"
"Pver_g7920",220.469206241628,0.604708195259564,0.1773734440242,3.40923749091245,0.000651447406408236,0.0490371781565683,"Pver_g7920","Upregulated"
"Pver_g7929",819.343130417733,-0.351708165224707,0.0838801117818151,-4.19298636772866,2.75305993433137e-05,0.00856568714234968,"Pver_g7929","Downregulated"
"Pver_g12312",763.023274095547,1.79112404650838,0.483114623121426,3.70745152555276,0.000209355474029873,0.0277180708453169,"Pver_g12312","Upregulated"
"Pver_g16605",1249.9459173743,2.36149809032707,0.568496821908836,4.15393367090055,3.26807943789859e-05,0.00970459190461692,"Pver_g16605","Upregulated"
"Pver_g18735",1396.57908648032,0.655931580524224,0.180897338712807,3.62598800618942,0.000287858715369904,0.0333773074442569,"Pver_g18735","Upregulated"
"Pver_g26142",313.958460905909,0.607746509196977,0.159187771706396,3.81779644681438,0.000134648946491145,0.0215256940737864,"Pver_g26142","Upregulated"
"Pver_g6070",1695.0461926649,0.770155190079359,0.181878873962466,4.23444006057732,2.29121885240022e-05,0.00770736156956022,"Pver_g6070","Upregulated"
"Pver_g2043",494.344802391104,-0.514832975796661,0.119924455231218,-4.29297739817993,1.76292958403517e-05,0.00676337619459548,"Pver_g2043","Downregulated"
"Pver_g12076",40.5433697598505,0.759530636014719,0.193051960512323,3.93433267395508,8.34281645382946e-05,0.0179015744321941,"Pver_g12076","Upregulated"
"Pver_g3259",53.3656126849214,-1.92233264897057,0.550372269925219,-3.49278616313965,0.000478009122910353,0.0428328316587693,"Pver_g3259","Downregulated"
"Pver_g19246",4178.98718236606,0.437983915885844,0.115047687119225,3.80697714880576,0.000140675738000961,0.0215256940737864,"Pver_g19246","Upregulated"
"Pver_g17354",88.0221965840374,-3.11746304778509,0.726682529655361,-4.28999311331124,1.78678658864163e-05,0.00676337619459548,"Pver_g17354","Downregulated"
"Pver_g11179",631.694415671139,1.84420953843675,0.487586837091336,3.78232019026241,0.000155373323311618,0.0230199142823911,"Pver_g11179","Upregulated"
"Pver_g8105",32768.3524264738,0.465045610897974,0.122769603383225,3.78795400557201,0.000151892958866238,0.0226843020489194,"Pver_g8105","Upregulated"
"Pver_g8101",4808.33490988295,0.61440994879524,0.143051011834471,4.29504091523795,1.74661120984202e-05,0.00676337619459548,"Pver_g8101","Upregulated"
"Pver_g7742",960.579503663645,1.10844055910746,0.290573462052478,3.81466549380641,0.000136367524982569,0.0215256940737864,"Pver_g7742","Upregulated"
"Pver_novel_187_5de57afd",10567.2010507974,1.381067897493,0.28490392504539,4.84748638430647,1.25035611107521e-06,0.00122850778323958,"Pver_novel_187_5de57afd","Upregulated"
"Pver_g16112",440.049610855851,1.19121991159265,0.304197279738636,3.91594531225308,9.00506607703679e-05,0.0185330897897075,"Pver_g16112","Upregulated"
"Pver_g25828",363.135715200093,0.515653103845343,0.150579788115381,3.42445098574734,0.000616042958971492,0.0483205460423521,"Pver_g25828","Upregulated"
"Pver_g10185",98.8109775975913,1.56908667668111,0.419803342478126,3.73767075654685,0.000185732945205325,0.0261581293064129,"Pver_g10185","Upregulated"
"Pver_g10186",320.392443455005,2.71994676744273,0.631857313360409,4.30468510837871,1.67223419789499e-05,0.00676337619459548,"Pver_g10186","Upregulated"
"Pver_g10188",221.981781626699,3.00788325852081,0.729530516342833,4.12303966885368,3.73905275605042e-05,0.010549592628446,"Pver_g10188","Upregulated"
"Pver_g16932",83.5226171620537,2.21329751935978,0.534691695871591,4.13939011293588,3.48230351461095e-05,0.0101574440641808,"Pver_g16932","Upregulated"
"Pver_g9980",134.026535439781,1.8401515236225,0.502491097866827,3.6620579577117,0.000250197234776356,0.0315598009191867,"Pver_g9980","Upregulated"
"Pver_g1867",1305.38248597175,-0.263375167523746,0.0664341479227191,-3.96445466313683,7.35639256603707e-05,0.0165456790870819,"Pver_g1867","Downregulated"
"Pver_novel_715_5de57afd",510.575039141366,1.43029328266582,0.409611119924814,3.49183216248708,0.000479719581957433,0.0428328316587693,"Pver_novel_715_5de57afd","Upregulated"
"Pver_g3838",1884.44326453239,-0.594896684474433,0.17287157345081,-3.44126378096345,0.000579003779774316,0.046791526237346,"Pver_g3838","Downregulated"
"Pver_g17946",312.272601208231,-0.686624588696819,0.184141719982774,-3.72878339987838,0.000192406441875339,0.0266062478291025,"Pver_g17946","Downregulated"
"Pver_g11103",157.293568815487,1.39745727335272,0.397568548819481,3.51500961910154,0.000439738060161168,0.0413749963472268,"Pver_g11103","Upregulated"
"Pver_g18259",3464.61654629899,-0.415658803656908,0.114733191938126,-3.62282959826539,0.000291397797708177,0.0333874109621207,"Pver_g18259","Downregulated"
"Pver_g23813",2786.45125911064,0.52725033392517,0.152594417055678,3.45524000221311,0.000549803175304838,0.045820560129863,"Pver_g23813","Upregulated"
"Pver_g7904",424.645920717924,0.83016302949145,0.240950223639242,3.44537148359071,0.000570275072316838,0.0465729774508469,"Pver_g7904","Upregulated"
"Pver_g1773",207.804171270685,-2.37014865438984,0.550441404942557,-4.3059054662452,1.66304070817984e-05,0.00676337619459548,"Pver_g1773","Downregulated"
"Pver_g1577",794.971392679199,0.537762258648817,0.118263612238423,4.54714893677247,5.43775186583398e-06,0.00350041213211686,"Pver_g1577","Upregulated"
"Pver_g8190",715.056363919192,-0.265022085245998,0.0772176557921113,-3.43214362735256,0.000598830328130783,0.0473684939218028,"Pver_g8190","Downregulated"
"Pver_novel_520_5de57afd",1433.9115135077,2.46086974409554,0.616480743100762,3.99180310437258,6.55728073407708e-05,0.0156756995981179,"Pver_novel_520_5de57afd","Upregulated"
"Pver_g9534",1315.17204269832,-0.30623771234031,0.088175343396688,-3.47305381009508,0.000514572176104905,0.0448880064650765,"Pver_g9534","Downregulated"
"Pver_g16873",6283.79034784409,0.497329343418016,0.139221245822981,3.57222305028334,0.000353963730331594,0.0371224433585966,"Pver_g16873","Upregulated"
"Pver_g16877",679.031065571613,2.12817455024805,0.426831999106082,4.98597704648458,6.16494638377631e-07,0.000676983641719625,"Pver_g16877","Upregulated"
"Pver_g11858",115.958486893812,1.5938082979012,0.372192841551493,4.28221104752412,1.85045345338946e-05,0.00676337619459548,"Pver_g11858","Upregulated"
"Pver_g11857",582.991460308829,2.26687754790422,0.658036015815214,3.44491409804655,0.000571240900808149,0.0465729774508469,"Pver_g11857","Upregulated"
"Pver_g18067",1017.22567986987,1.22164026304245,0.320503011461783,3.81163427285962,0.000138051031085604,0.0215256940737864,"Pver_g18067","Upregulated"
"Pver_g8581",2333.37037036576,1.53626276174419,0.39854573304878,3.85467120671985,0.000115885264309411,0.019847212056221,"Pver_g8581","Upregulated"
"Pver_g5180",1069.78205993693,-0.323254582175555,0.0919842428443316,-3.51423865849079,0.000441016390487343,0.0413749963472268,"Pver_g5180","Downregulated"
"Pver_g5181",140.63126094323,0.979323464452261,0.273737812329123,3.57759659186138,0.000346768091047753,0.0365732583258726,"Pver_g5181","Upregulated"
"Pver_g18899",638.374531987168,2.29740117678933,0.584988066181083,3.92726161370644,8.59185098312883e-05,0.0181149450387727,"Pver_g18899","Upregulated"
"Pver_g18898",82.0033788735432,2.29623437979304,0.655145731158674,3.50492153208719,0.000456741879393149,0.0420022532241936,"Pver_g18898","Upregulated"
"Pver_g10794",34.6359843296105,2.66399582821524,0.76139148043939,3.49885163763309,0.00046726650289524,0.0426478410753355,"Pver_g10794","Upregulated"
"Pver_g25980",111.597149704016,1.32346797703451,0.341565026176306,3.87471747868989,0.000106748472946166,0.0191613508938369,"Pver_g25980","Upregulated"
"Pver_g19273",768.31259438642,1.71963800307177,0.49230840242481,3.4930096553337,0.000477609239698144,0.0428328316587693,"Pver_g19273","Upregulated"
"Pver_g7570",4113.03210631176,-0.382112478563595,0.0863540602427579,-4.42495092285648,9.64642106465553e-06,0.00514512538385684,"Pver_g7570","Downregulated"
"Pver_g15",1028.32527392549,-0.775716723262437,0.200878006198442,-3.86163093681907,0.000112632621628438,0.0196507082295297,"Pver_g15","Downregulated"
"Pver_g14",1887.73524740928,-0.177572938321269,0.0518835491562251,-3.42252874387186,0.000620415377512733,0.0484598923322498,"Pver_g14","Downregulated"
"Pver_g14127",1763.69060427689,1.79228970000078,0.481227613058868,3.72441159103132,0.000195771302658317,0.0266763407155144,"Pver_g14127","Upregulated"
"Pver_g13474",741.36545456354,-0.194121778408195,0.0564882171256711,-3.43650035858497,0.000589281573444298,0.0472907451474626,"Pver_g13474","Downregulated"
"Pver_g10341",111.65275487619,2.46173459289235,0.611604368146967,4.02504416433599,5.69646236485403e-05,0.0140535494264332,"Pver_g10341","Upregulated"
"Pver_g10340",1414.55568394487,0.637268551723726,0.178925836967239,3.56163515859596,0.000368552297039259,0.0375963621919611,"Pver_g10340","Upregulated"
"Pver_g23200",365.263279808754,-2.21702681970408,0.49001568703849,-4.52439968422874,6.05671717121294e-06,0.00353333737975635,"Pver_g23200","Downregulated"
"Pver_g11579",63.9873020554252,1.12242498746509,0.321777260679187,3.4882048069399,0.00048627544275171,0.0428328316587693,"Pver_g11579","Upregulated"
"Pver_g14710",7480.85897392558,1.23951055408152,0.345794800027522,3.58452629704919,0.000337690541153232,0.0360983956490794,"Pver_g14710","Upregulated"
"Pver_g7256",1802.03932991235,0.702653673357487,0.203216946414753,3.45765294555412,0.00054490284420481,0.045820560129863,"Pver_g7256","Upregulated"
"Pver_g22809",421.500935016547,-0.379886146286529,0.0995906826853467,-3.81447476855607,0.000136472878888633,0.0215256940737864,"Pver_g22809","Downregulated"
"Pver_g1156",2327.38035738163,0.550579106340919,0.150026450636745,3.66988023781235,0.000242664131999508,0.0312403050441847,"Pver_g1156","Upregulated"
"Pver_g2753",1209.1200026207,1.27546825332301,0.327396238512346,3.8957938524847,9.78776134769665e-05,0.0186163505621773,"Pver_g2753","Upregulated"
"Pver_g4261",312.724831552653,0.577454968825347,0.154306607555391,3.74225691286785,0.000182374920768106,0.025989122296939,"Pver_g4261","Upregulated"
"Pver_g10859",610.284334562518,1.33264567514715,0.330844608049324,4.02801086287757,5.62507452714242e-05,0.0140535494264332,"Pver_g10859","Upregulated"
"Pver_g16339",392.498848029306,-0.363150981630669,0.0929869477523613,-3.90539737467022,9.4070674664249e-05,0.0185330897897075,"Pver_g16339","Downregulated"
"Pver_g8906",55.1293087038826,1.46093452378146,0.367629590353853,3.97393072297382,7.06961336113947e-05,0.016293276817994,"Pver_g8906","Upregulated"
"Pver_g5890",3975.0869967093,0.159912969681478,0.0446599854311866,3.58067670953176,0.000342705476215651,0.0363501467613282,"Pver_g5890","Upregulated"
"Pver_g13227",322.458252014308,2.59747089492606,0.59166169891009,4.39012851382961,1.13283690253488e-05,0.00542251264013362,"Pver_g13227","Upregulated"
"Pver_g1402",1598.20437598619,-0.213780738377256,0.0599993814574205,-3.56304903791331,0.00036657216901172,0.0375963621919611,"Pver_g1402","Downregulated"
"Pver_novel_607_5de57afd",104.410018918938,0.747109858972787,0.206997088520598,3.60927713675762,0.000307051438874878,0.033601766527112,"Pver_novel_607_5de57afd","Upregulated"
"Pver_g3301",923.551467123185,1.39766538920051,0.29783620182894,4.69273171165152,2.69580926242853e-06,0.00201301469244063,"Pver_g3301","Upregulated"
"Pver_g7352",4332.66821682046,-0.175508684774092,0.0514560764042614,-3.41084468615949,0.000647619700918899,0.0489464152905021,"Pver_g7352","Downregulated"
"Pver_g23130",1340.57178918601,-0.305529105267119,0.0873378313108251,-3.49824469741842,0.000468331231007273,0.0426478410753355,"Pver_g23130","Downregulated"
"Pver_g5996",791.424203247306,-0.244738871556327,0.0627158743263412,-3.90234329322799,9.52659141148322e-05,0.0185330897897075,"Pver_g5996","Downregulated"
"Pver_g16001",101.676815227919,2.07904862008481,0.59245920229586,3.50918445021735,0.000449483068159152,0.0415897990713089,"Pver_g16001","Upregulated"
"Pver_g25354",43.7253000191776,2.02670223733473,0.550199978228665,3.68357382321166,0.000229986636597274,0.0300237100139714,"Pver_g25354","Upregulated"
"Pver_g23231",501.692713348834,-0.346418231637738,0.0891110538065603,-3.88748888987143,0.00010128662214729,0.0186163505621773,"Pver_g23231","Downregulated"
"Pver_g5023",6421.57656472755,1.40095045742466,0.409861275723563,3.41810885878752,0.000630578807476667,0.048634024504535,"Pver_g5023","Upregulated"
"Pver_g15783",2253.62847821126,0.940596090787324,0.184789439162724,5.09009657180162,3.57881204190897e-07,0.000445395087989044,"Pver_g15783","Upregulated"
"Pver_g14546",1117.10035485173,1.1393096673725,0.326550492264258,3.48892344173998,0.00048497002596834,0.0428328316587693,"Pver_g14546","Upregulated"
"Pver_g12211",393.212768598774,-0.305919349540273,0.0882301728871433,-3.46728720492908,0.00052573982490105,0.0453325788478778,"Pver_g12211","Downregulated"
"Pver_g12218",642.699984988689,-0.582401315650202,0.141354441215292,-4.12014868894827,3.78627976272702e-05,0.010549592628446,"Pver_g12218","Downregulated"
"Pver_g5919",84.7676254754627,2.4778963976413,0.572401573080082,4.32894756788978,1.49823594851473e-05,0.00635660651974387,"Pver_g5919","Upregulated"
"Pver_g14591",1597.73047933458,0.663186450250248,0.193073216623794,3.4348961593284,0.000592780928032261,0.0472907451474626,"Pver_g14591","Upregulated"
"Pver_g19702",678.211781192821,0.967665055756432,0.266835703743199,3.6264451952341,0.000287349771576778,0.0333773074442569,"Pver_g19702","Upregulated"
"Pver_g616",51.2846529418587,0.99495521780311,0.278949779673172,3.56678976039643,0.000361381179368011,0.0375963621919611,"Pver_g616","Upregulated"
"Pver_g12634",2424.182164485,0.997878616859566,0.288902135576525,3.45403683108201,0.000552261947140517,0.045820560129863,"Pver_g12634","Upregulated"
"Pver_g10672",2042.78742327672,0.823100975214345,0.225392469986486,3.65185658271412,0.000260351276800082,0.0321771148859735,"Pver_g10672","Upregulated"
"Pver_g6350",2338.33379085865,0.320168341795007,0.0931995554399577,3.43529902351595,0.000591900317221678,0.0472907451474626,"Pver_g6350","Upregulated"
"Pver_g25700",8286.00890323103,0.329417477133982,0.0746847399746864,4.41077356961588,1.03001983275944e-05,0.005185668894373,"Pver_g25700","Upregulated"
"Pver_g1188",1077.97974897167,-0.236189493713607,0.0682079907304324,-3.4627833364431,0.000534618702979212,0.0454782424274007,"Pver_g1188","Downregulated"
"Pver_g14886",1488.27295111113,0.59703039967845,0.153568111154799,3.88772379362428,0.000101188677911664,0.0186163505621773,"Pver_g14886","Upregulated"
"Pver_g8459",394.66431186775,-0.387917891152755,0.104460417063609,-3.71353955935806,0.000204380499594209,0.0274487422044942,"Pver_g8459","Downregulated"
"Pver_g25577",322.069443050391,0.511596119613826,0.116680161222116,4.3846024401692,1.16197792749839e-05,0.00542295098763497,"Pver_g25577","Upregulated"
"Pver_g4764",4003.78673285514,1.03814695433728,0.304063033328416,3.41424915410873,0.000639580581935641,0.0487334298105083,"Pver_g4764","Upregulated"
"Pver_g630",176.660330479653,1.44499504297256,0.411618433626678,3.51052072726925,0.000447229939875349,0.0415897990713089,"Pver_g630","Upregulated"
"Pver_g16367",278.285018208294,-0.379277027321639,0.107542612078917,-3.52676041607877,0.000420677240400097,0.0406901695533109,"Pver_g16367","Downregulated"
"Pver_g696",1161.84111138984,-0.251975542792532,0.0727175898879156,-3.46512505682489,0.000529984969239459,0.0453842174576249,"Pver_g696","Downregulated"
"Pver_g8642",7639.29537575258,-0.942471863052888,0.0897300086816824,-10.5034188327821,8.33071303895214e-26,3.88794377527896e-22,"Pver_g8642","Downregulated"
"Pver_g11363",294.105788266796,1.20814736486193,0.322730906753046,3.74351306175459,0.000181465164571386,0.025989122296939,"Pver_g11363","Upregulated"
"Pver_g13298",2089.60437247909,-0.214033741039472,0.0502200927867801,-4.26191448805555,2.02683004394314e-05,0.00700682652969083,"Pver_g13298","Downregulated"
"Pver_g5863",1626.92297794201,-0.24284983432195,0.0702304033489593,-3.45790174542047,0.000544399889209884,0.045820560129863,"Pver_g5863","Downregulated"
"Pver_g26107",1061.84816081005,2.44275246266166,0.676148768665889,3.61274408216621,0.00030297369009842,0.033601766527112,"Pver_g26107","Upregulated"
"Pver_g19013",2041.60084261023,0.169134918551741,0.0449614124577495,3.76177947502601,0.000168708768220787,0.0244143820553927,"Pver_g19013","Upregulated"
"Pver_g1553",10205.345044761,0.220384495153336,0.0619586962970202,3.55695823709472,0.000375173772100276,0.0378580755544214,"Pver_g1553","Upregulated"
"Pver_g24074",223.205976882375,1.41387192299586,0.315300560815876,4.48420364155811,7.31867436912292e-06,0.00414015191281172,"Pver_g24074","Upregulated"
"Pver_g10284",9571.69602678731,0.469535708740196,0.128307308572717,3.65946191189953,0.000252745404139294,0.0316661154662573,"Pver_g10284","Upregulated"
"Pver_g18546",8957.38712368758,0.374451000621088,0.0864776544799758,4.33003187786266,1.49087758053443e-05,0.00635660651974387,"Pver_g18546","Upregulated"
"Pver_g6935",2843.50511210354,1.00389554053355,0.293713681026934,3.41793932452704,0.000630971715138318,0.048634024504535,"Pver_g6935","Upregulated"
"Pver_g11057",69.2307091778689,-0.776640699857694,0.199625884991738,-3.89048093582573,0.00010004573720561,0.0186163505621773,"Pver_g11057","Downregulated"
"Pver_g4366",1860.70476411913,1.36774346509845,0.312494940828196,4.37684994666972,1.20406805482895e-05,0.00548232742623095,"Pver_g4366","Upregulated"
"Pver_g8856",1227.28182497319,-0.479597000174298,0.131387783076948,-3.65024044810482,0.000261994935861794,0.0321771148859735,"Pver_g8856","Downregulated"
"Pver_g19090",870.042382220825,0.988813532532786,0.27919090588351,3.54171110768686,0.000397540605398496,0.0396496534852503,"Pver_g19090","Upregulated"
"Pver_g15541",4142.21140511949,1.61905728477978,0.404956977680747,3.9980970177434,6.3853779955047e-05,0.0154808099246859,"Pver_g15541","Upregulated"
"Pver_g5949",54.9918725257751,1.02953387875356,0.263051795633589,3.91380669450978,9.08523768907117e-05,0.0185330897897075,"Pver_g5949","Upregulated"
"Pver_g4156",78.0541310523062,-1.9561753230582,0.411952137557967,-4.74855000062462,2.04880238938738e-06,0.0016629149132645,"Pver_g4156","Downregulated"
"Pver_g14920",2242.89593806704,0.246518444555659,0.071585270291586,3.4437034818968,0.000573804628974436,0.0465729774508469,"Pver_g14920","Upregulated"
"Pver_g21328",222.461088345951,-0.960436533944893,0.265114853788839,-3.62271868293682,0.000291522819092868,0.0333874109621207,"Pver_g21328","Downregulated"
"Pver_g19191",3722.61477779209,2.87221632401715,0.61550463451657,4.66644142537294,3.06460955056511e-06,0.00220038965730575,"Pver_g19191","Upregulated"
"Pver_g19192",1637.61047838089,3.18125174272052,0.622222033614026,5.11272756485813,3.17540098049301e-07,0.000423417039313168,"Pver_g19192","Upregulated"
"Pver_g488",208.633406171458,0.426894812486965,0.0996323801802726,4.28469952955606,1.82986321944769e-05,0.00676337619459548,"Pver_g488","Upregulated"
"Pver_g7958",91.576235262411,0.952477146068975,0.270761001795528,3.51777818723045,0.000435175952238348,0.0413749963472268,"Pver_g7958","Upregulated"
"Pver_g9385",498.096519138351,-0.248817805326471,0.0689133197918809,-3.61059089995816,0.000305500208084275,0.033601766527112,"Pver_g9385","Downregulated"
"Pver_g10191",2812.68975232294,1.07841098930083,0.283898336621439,3.7985815702007,0.000145526536072071,0.0220869054910034,"Pver_g10191","Upregulated"
"Pver_g7590",334.553793522152,0.675166297944931,0.197521832619702,3.41818567087143,0.000630400864963688,0.048634024504535,"Pver_g7590","Upregulated"
"Pver_g7331",212.572387498753,1.07496671023436,0.247976468936385,4.33495450130847,1.45790273399117e-05,0.00635660651974387,"Pver_g7331","Upregulated"
"Pver_g2772",1638.00887370438,0.686435848253465,0.180282764327135,3.80755115895539,0.000140349710733191,0.0215256940737864,"Pver_g2772","Upregulated"
"Pver_g16312",2849.01766769355,0.542466492206556,0.149932487036944,3.618071726329,0.000296806149265597,0.033580467845395,"Pver_g16312","Upregulated"
"Pver_g8671",500.964810087461,1.22337764012987,0.254769637237473,4.80189732730806,1.57169279212216e-06,0.00142690998100517,"Pver_g8671","Upregulated"
"Pver_g5098",1489.63344328991,1.60265240443914,0.419893550329015,3.81680643387677,0.000135190145653584,0.0215256940737864,"Pver_g5098","Upregulated"
"Pver_g5097",746.727700140003,1.64628511003024,0.47795658041038,3.44442398641466,0.000572277525074657,0.0465729774508469,"Pver_g5097","Upregulated"
"Pver_g21404",84.2845775430991,0.941976849462968,0.245443760855128,3.83785208546802,0.000124115203173275,0.0206873447574883,"Pver_g21404","Upregulated"
"Pver_g19655",69.8686723636964,2.18385952046442,0.617369074024697,3.53736462085411,0.000404141312295094,0.0399180424228826,"Pver_g19655","Upregulated"
"Pver_g8880",165.267706183493,-1.19245143204122,0.305527084197892,-3.90293199430025,9.50344112195622e-05,0.0185330897897075,"Pver_g8880","Downregulated"
"Pver_g13770",1644.29435010859,1.9629650143201,0.433627419676776,4.52684707019516,5.98702338986282e-06,0.00353333737975635,"Pver_g13770","Upregulated"
"Pver_g10560",606.719024906432,-0.523713946876516,0.149254657360411,-3.5088616739904,0.000450028895029162,0.0415897990713089,"Pver_g10560","Downregulated"
"Pver_g18482",1536.9493225559,-0.204161890053771,0.0573049360300825,-3.56272782411964,0.000367021151513744,0.0375963621919611,"Pver_g18482","Downregulated"
"Pver_g13043",274.917241092671,-0.560446289669081,0.143621652533665,-3.9022409210736,9.53062256166661e-05,0.0185330897897075,"Pver_g13043","Downregulated"
"Pver_g9786",1087.45643451495,-0.452607304379131,0.0991577567408157,-4.56451738377041,5.00644717475188e-06,0.003337869852081,"Pver_g9786","Downregulated"
"Pver_g18523",5175.41234806475,0.347730058718924,0.072478830678056,4.7976775489592,1.60515907441121e-06,0.00142690998100517,"Pver_g18523","Upregulated"
"Pver_g15656",896.032314969549,1.66457051099631,0.421483268002041,3.94931575549102,7.83749099714768e-05,0.0174178907065182,"Pver_g15656","Upregulated"
"Pver_g15034",190.76228787529,-0.387427455026483,0.106562692981791,-3.63567627830768,0.000277252325431438,0.0327578886781904,"Pver_g15034","Downregulated"
"Pver_g18313",782.589092392396,1.38069374704303,0.366238079390483,3.76993498147672,0.00016329008161527,0.0240023562487705,"Pver_g18313","Upregulated"
"Pver_g15598",804.71705791888,-0.404657622154433,0.112135449720789,-3.60865028108424,0.00030779419735034,0.033601766527112,"Pver_g15598","Downregulated"
"Pver_g1502",83.5978697305856,0.906576579854207,0.204784657421291,4.42697510287189,9.5563757741901e-06,0.00514512538385684,"Pver_g1502","Upregulated"
"Pver_g774",410.570648883992,-0.407272930067462,0.116759903160624,-3.48812322589191,0.00048642384356434,0.0428328316587693,"Pver_g774","Downregulated"
"Pver_g6818",888.984658308206,2.92955781630001,0.195515590902795,14.9837555295347,9.37654455059697e-51,1.75041333670544e-46,"Pver_g6818","Upregulated"
"Pver_g6817",353.275007282257,1.60334231814705,0.218357461660182,7.34274114544454,2.09263015641779e-13,5.58074568000103e-10,"Pver_g6817","Upregulated"
"Pver_g17012",465.954641511905,4.22686314235818,0.665442000656057,6.351963263802,2.12584098635668e-10,4.9606499416633e-07,"Pver_g17012","Upregulated"
"Pver_g23276",2923.92500413689,0.784420855314378,0.220487935719333,3.55765884766093,0.000374174832492479,0.0378580755544214,"Pver_g23276","Upregulated"
"Pver_g13927",648.893131482916,1.61377919868039,0.415231419853744,3.88645733805213,0.000101717792872406,0.0186163505621773,"Pver_g13927","Upregulated"
"Pver_g15186",2938.98893096935,0.284803676053017,0.0788944229308736,3.60993420666196,0.000306274681531476,0.033601766527112,"Pver_g15186","Upregulated"
"Pver_novel_374_5de57afd",208.204264567999,-0.498834285501629,0.132473888065672,-3.76552913774479,0.00016619673954479,0.0242387557329854,"Pver_novel_374_5de57afd","Downregulated"
"Pver_g8700",95.8339068720899,-2.21218929377719,0.577138019386338,-3.83303338104354,0.000126572770112826,0.0209102696678427,"Pver_g8700","Downregulated"
"Pver_g1821",4499.65519328183,1.90996963420717,0.50166808661278,3.80723766405617,0.000140527681796022,0.0215256940737864,"Pver_g1821","Upregulated"
"Pver_g7702",983.645157642827,0.712254345904591,0.195446993206985,3.64423281329423,0.00026819057720293,0.032591846256442,"Pver_g7702","Upregulated"
"Pver_g13183",646.569287186391,-0.328683721535483,0.08795817173056,-3.73681847938281,0.000186363359639646,0.0261581293064129,"Pver_g13183","Downregulated"
"Pver_g8933",413.794304873566,1.06050384061734,0.284720450707362,3.72471959068138,0.00019553244490419,0.0266763407155144,"Pver_g8933","Upregulated"
"Pver_g3638",1792.44347212098,0.593655654892209,0.174302515612109,3.40589263905591,0.000659481076263046,0.0492447709267142,"Pver_g3638","Upregulated"
"Pver_g5351",1373.28030027222,0.645499985827023,0.163972754857191,3.93662951134296,8.26340324522914e-05,0.0179015744321941,"Pver_g5351","Upregulated"
"Pver_g15108",229.604030970627,2.23456790925893,0.631136540766234,3.54054592774179,0.000399300131520627,0.0396496534852503,"Pver_g15108","Upregulated"
"Pver_g12659",4906.67392545809,1.40235840915829,0.385011966813557,3.64237615979709,0.000270132944665372,0.032591846256442,"Pver_g12659","Upregulated"
"Pver_g26406",363.547586607901,0.578971979224598,0.145140137228833,3.98905492497758,6.63370617233401e-05,0.0156756995981179,"Pver_g26406","Upregulated"
"Pver_g20129",72.5190130197912,1.25430742003022,0.326720153124949,3.83908800247938,0.000123492165396364,0.0206873447574883,"Pver_g20129","Upregulated"
"Pver_g17502",1073.99565566257,0.488127933049965,0.13590884969692,3.59158313927681,0.000328675288256515,0.0356727341928641,"Pver_g17502","Upregulated"
"Pver_g10413",3607.61237780416,0.646413446301603,0.18633264211254,3.46913691005994,0.000522133301367227,0.0453325788478778,"Pver_g10413","Upregulated"
"Pver_g23334",72.7943057953285,1.31303998009094,0.322824163696999,4.06735346280755,4.75500907750793e-05,0.0121597958162901,"Pver_g23334","Upregulated"
"Pver_g25550",140.136143855626,-0.908196187951726,0.263671852906288,-3.44441842366281,0.000572289300775178,0.0465729774508469,"Pver_g25550","Downregulated"
"Pver_g13481",3090.8466982873,-0.341457520631435,0.0920200963979058,-3.71068423091986,0.000206699805083506,0.0275619425807063,"Pver_g13481","Downregulated"
"Pver_g9166",943.377221364005,-0.35938596141707,0.101812655896485,-3.52987512458631,0.000415755850547758,0.0404235948855497,"Pver_g9166","Downregulated"
"Pver_g18021",190.274367423311,1.27206465620761,0.366941655307902,3.46666735108124,0.000526953589564468,0.0453325788478778,"Pver_g18021","Upregulated"
"Pver_g8017",171.958694283781,-0.958257244696994,0.248340530015495,-3.85864218231798,0.000114018728099287,0.0197083482977545,"Pver_g8017","Downregulated"
"Pver_g17503",4112.97632069796,0.641310349015866,0.176678550427651,3.62981441416387,0.000283625066459894,0.0333000801300207,"Pver_g17503","Upregulated"
"Pver_g708",294.0064197483,-0.439953052621021,0.12089928369685,-3.63900462573612,0.000273693883808467,0.032591846256442,"Pver_g708","Downregulated"
"Pver_g16616",328.524507696724,0.667755664062656,0.182344833726045,3.66204871516071,0.000250206263983267,0.0315598009191867,"Pver_g16616","Upregulated"
"Pver_g16615",443.630952665452,0.768805424450326,0.202633946058188,3.79406037046507,0.000148203615090309,0.0223118152137571,"Pver_g16615","Upregulated"
"Pver_g9616",549.218888634443,-0.331265339820818,0.0902546372645308,-3.67034149004332,0.00024222664272405,0.0312403050441847,"Pver_g9616","Downregulated"
"Pver_g542",2137.67864312666,0.818172706135514,0.232818049923353,3.51421509803414,0.000441055510665209,0.0413749963472268,"Pver_g542","Upregulated"
"Pver_g14162",598.988522686917,0.411033857225789,0.119839517401034,3.42986909610371,0.000603872505003033,0.0475657887063149,"Pver_g14162","Upregulated"
"Pver_g22963",3334.15391686256,-0.482554817450006,0.0965097365784339,-5.00006356413409,5.73114169712864e-07,0.000668680957512484,"Pver_g22963","Downregulated"
"Pver_g7210",235.64020174646,0.656222558729662,0.180349214342023,3.6386216658819,0.000274101128254842,0.032591846256442,"Pver_g7210","Upregulated"
"Pver_g8096",191.731781221506,1.19952071796348,0.310165704173452,3.86735445545158,0.000110022453050879,0.01956094431956,"Pver_g8096","Upregulated"
"Pver_g25793",1163.20841308981,0.441000390533179,0.125394524449918,3.51690309020879,0.000436613158578813,0.0413749963472268,"Pver_g25793","Upregulated"
"Pver_g11293",2861.44403367327,0.462280670461337,0.101949369112042,4.53441423412136,5.77635672619611e-06,0.00353333737975635,"Pver_g11293","Upregulated"
"Pver_g2049",408.229547080567,1.38330632808559,0.327144585004029,4.22842495793887,2.35332981286122e-05,0.00770736156956022,"Pver_g2049","Upregulated"
"Pver_g15488",118.747754096763,1.0083340018095,0.270171308473124,3.73220238487985,0.000189812897742779,0.0264434863810612,"Pver_g15488","Upregulated"
"Pver_g22846",402.061319815795,1.36966241583401,0.352220737149339,3.88864786020047,0.000100804250864157,0.0186163505621773,"Pver_g22846","Upregulated"
"Pver_g15307",904.668404660846,1.34641385776664,0.334594527377063,4.0240163768409,5.72139359550526e-05,0.0140535494264332,"Pver_g15307","Upregulated"
"Pver_g5639",2905.50432957213,-0.22309474073516,0.0616555502608702,-3.6184048279713,0.000296424467364268,0.033580467845395,"Pver_g5639","Downregulated"
"Pver_g17677",2637.43759446333,0.252055561414671,0.0710049352621488,3.54983157838377,0.00038547768118521,0.0386886954428253,"Pver_g17677","Upregulated"
"Pver_g5006",402.94838542565,-0.3696307350423,0.102383124937231,-3.61027010329009,0.000305878311318222,0.033601766527112,"Pver_g5006","Downregulated"
"Pver_g20449",224.953492421512,2.407879161063,0.589135204464738,4.08714186966759,4.36720083357762e-05,0.0116467007373181,"Pver_g20449","Upregulated"
"Pver_g16517",187.530743570755,-3.38528890615711,0.884748998328651,-3.82627040273812,0.000130099378226572,0.0213043437959091,"Pver_g16517","Downregulated"
"Pver_g12511",408.242857919391,1.23220462559042,0.257938279484917,4.77712973836625,1.77815055456992e-06,0.00150884157057779,"Pver_g12511","Upregulated"
"Pver_g12512",1558.05739540037,0.66503466298001,0.170290202347612,3.90530197164533,9.41077961592658e-05,0.0185330897897075,"Pver_g12512","Upregulated"
"Pver_g14201",451.087975995678,0.903225191841882,0.25989731429287,3.4753156041623,0.00051025265331982,0.0447201715125558,"Pver_g14201","Upregulated"
"Pver_g15639",5491.93505767088,1.14317591685203,0.286910780057031,3.98442999117982,6.76422946908622e-05,0.0157843294661127,"Pver_g15639","Upregulated"
"Pver_g15637",1058.21902883523,1.35323739787869,0.322351719430484,4.19801513784239,2.69264636324703e-05,0.00851971564560942,"Pver_g15637","Upregulated"
"Pver_g255",1553.71310362721,0.999877498233382,0.11990194125293,8.33912685470342,7.48410913261955e-17,2.32855582146236e-13,"Pver_g255","Upregulated"
"Pver_g8420",220.177881935517,1.24063614601435,0.346161591470059,3.58397978454421,0.00033839828790384,0.0360983956490794,"Pver_g8420","Upregulated"
"Pver_g9487",105.022524577665,1.20674196136972,0.2927739162481,4.12175366178149,3.75999147877201e-05,0.010549592628446,"Pver_g9487","Upregulated"
"Pver_g18710",82.1446335702707,-1.64240935956786,0.402461291808604,-4.08091260699162,4.4859220702713e-05,0.011794815944764,"Pver_g18710","Downregulated"
"Pver_g591",87.7693143982187,1.34511527134764,0.315364608565524,4.26527021363009,1.99660410929658e-05,0.00700682652969083,"Pver_g591","Upregulated"
"Pver_g6093",92.7853871414566,2.89319851689889,0.565861873835525,5.11290590632694,3.17240341144322e-07,0.000423417039313168,"Pver_g6093","Upregulated"
"Pver_g9524",1014.7733151844,0.752605981325728,0.182857084617407,4.11581527125629,3.85813225794031e-05,0.0105917077928279,"Pver_g9524","Upregulated"
"Pver_g6870",1539.01679265357,-0.277146080630336,0.0807259092630968,-3.43317384914277,0.000596559452480943,0.0473684939218028,"Pver_g6870","Downregulated"
"Pver_g23719",291.13314832571,-0.803655349874109,0.219091007492504,-3.66813480421649,0.00024432636256969,0.0312403050441847,"Pver_g23719","Downregulated"
"Pver_g6370",1633.65866685114,0.741917871195854,0.18220809819168,4.0718161188169,4.6647999199399e-05,0.0120947895701997,"Pver_g6370","Upregulated"
"Pver_g4149",32.4562339349977,1.98997507440124,0.563276072537023,3.53285923443951,0.000411091294795489,0.0403027895435653,"Pver_g4149","Upregulated"
"Pver_g5236",2417.40335155049,0.385212054668215,0.0910869757559469,4.2290574637183,2.34672405046347e-05,0.00770736156956022,"Pver_g5236","Upregulated"
"Pver_g12427",857.870526121757,-0.226390451281254,0.0621833076559089,-3.6406949037511,0.000271903186233185,0.032591846256442,"Pver_g12427","Downregulated"
"Pver_g16743",5105.21886599516,-0.528909295638347,0.142763995631773,-3.70478069976794,0.000211573698524223,0.0278144915778183,"Pver_g16743","Downregulated"
"Pver_g13944",2544.35312960478,-1.143585977081,0.0900811307933754,-12.6950668470638,6.29761554729805e-37,3.91879623456533e-33,"Pver_g13944","Downregulated"
