"","E1","E10","E11","E12","E13","E14","E15","E16","C17","C18","C19","E2","C20","C21","C22","C23","C24","C25","C26","C27","C28","C29","E3","C30","C31","C32","E4","E5","E6","E7","E8","E9"
"Pver_g130",530,844,460,928,663,652,608,839,860,862,628,611,658,405,734,635,805,923,815,928,802,613,647,796,840,867,539,361,431,593,679,622
"Pver_g7878",198,408,493,658,488,728,650,699,247,413,192,695,315,140,204,150,498,471,182,588,399,197,512,321,386,458,547,282,201,659,702,152
"Pver_g1842",310,382,253,471,313,153,257,244,158,175,223,242,295,185,242,159,166,209,251,193,163,100,234,306,330,229,357,214,381,461,475,434
"Pver_g23161",871,95,66,415,78,410,119,313,297,161,147,439,172,124,124,116,84,189,32,55,226,50,463,96,79,85,183,511,434,137,280,288
"Pver_g26469",4605,676,845,1309,815,601,1021,1472,900,613,1639,858,1172,351,301,422,938,963,718,741,680,686,16551,609,669,1077,4002,2890,8736,1116,1798,640
"Pver_g25888",98,316,133,459,320,205,274,313,207,464,290,212,518,206,302,397,446,498,202,394,407,223,251,365,360,433,120,65,79,428,202,331
"Pver_g26149",912,1383,817,1316,1196,1280,1120,1741,908,870,1259,1188,905,732,998,748,977,1651,796,881,1115,651,1037,1133,989,1159,968,696,1260,1178,941,1386
"Pver_g6161",17060,607,1094,1175,1073,671,874,977,1393,562,2720,1300,1421,257,571,759,770,1034,1372,1440,969,1718,5878,470,2145,1028,1647,8449,8905,842,2083,287
"Pver_g1594",5850,3947,1736,2855,3757,3715,1669,3677,2394,2671,3993,3478,2963,2018,2135,2282,1414,1957,2023,2323,1539,1437,8113,2657,3480,3007,3987,4592,8552,2377,4422,4422
"Pver_g82",167,294,200,336,193,198,115,412,88,101,72,213,131,49,186,106,149,311,86,132,227,75,300,133,148,188,136,77,284,191,202,131
"Pver_g25926",3533,578,624,869,562,648,549,652,447,357,916,945,719,304,482,435,414,627,685,810,397,1135,4387,747,817,505,1922,2460,5528,1078,928,658
"Pver_g4443",92,32,29,65,77,40,18,70,86,43,77,41,40,41,24,43,60,70,149,110,152,61,14,154,86,71,34,17,14,36,42,38
"Pver_g5715",1709,1850,976,1637,1293,1532,1737,1650,344,87,311,1382,186,117,179,87,367,241,209,185,253,243,617,282,192,260,913,632,528,1467,1487,1391
"Pver_g5714",72,180,143,83,72,165,159,232,73,22,28,154,40,8,48,16,103,64,53,56,136,23,78,112,92,54,54,65,110,101,124,154
"Pver_g5713",244,394,304,303,234,358,294,476,107,36,117,198,92,74,125,59,156,267,75,139,309,75,149,198,164,205,218,130,305,195,219,273
"Pver_g4609",3234,6021,3628,5380,4896,4906,4440,6086,5455,5009,3954,4272,4471,3308,5232,4416,5148,6949,4978,5136,5429,4263,3618,5890,4520,6643,3297,2127,2422,5124,4323,4237
"Pver_g20439",1251,19,81,51,20,0,748,1670,12,43,30,0,126,21,0,772,6,72,15,33,15,37,40,10,8,55,858,0,0,49,6,107
"Pver_g26422",84,156,92,105,87,94,174,100,134,161,111,91,170,80,194,141,129,186,162,197,97,81,62,221,92,172,67,45,42,47,100,95
"Pver_g13706",36683,3922,3530,5429,5429,3799,2482,5683,5640,5853,15471,7466,4302,1754,3655,3525,3309,3933,3635,4001,3445,3719,21684,3604,6738,4219,20689,15523,35711,7406,9649,4207
"Pver_g916",313,516,340,424,415,404,443,585,496,350,515,408,507,306,595,344,435,637,403,470,573,377,305,419,313,530,184,151,247,394,271,257
"Pver_g7459",5787,6761,4417,6613,7495,6016,3773,6813,5156,5447,5147,6509,4985,2591,5109,4759,4261,5586,4622,4810,5189,3450,6171,4853,5729,5667,4449,3202,6630,6440,6671,6398
"Pver_g9266",199,204,136,44,41,54,53,129,33,125,49,110,95,32,40,29,56,124,29,74,147,31,173,34,45,139,282,95,138,164,161,54
"Pver_g19527",732,841,2276,1164,8710,17008,2845,1912,1384,1412,1237,3268,1321,552,1343,1270,600,1678,637,6357,673,808,8009,968,404,1811,1607,4534,1471,2255,1812,1090
"Pver_g16771",43,183,49,89,43,94,160,40,86,117,139,119,1047,24,36,112,284,323,722,0,113,122,61,1054,65,111,77,53,93,50,101,45
"Pver_g26232",3440,271,1389,550,1337,1004,515,917,959,660,1385,982,880,315,740,261,298,271,936,776,239,1542,5002,379,2229,1215,3939,3556,5323,905,2619,703
"Pver_g18486",444,1091,575,768,940,761,755,994,807,920,1062,676,730,500,843,731,678,1825,869,986,859,660,772,1110,729,1147,495,345,470,872,837,711
"Pver_g12577",1096,1772,948,1701,1374,1763,1124,1821,1121,1356,1046,1450,1058,759,1024,869,1007,1463,1131,1082,1014,675,1285,1225,1167,1162,925,747,1084,1211,1200,1531
"Pver_g6289",452,1094,667,983,1438,1324,1596,1979,1981,2504,1434,833,2297,2088,3125,2924,2066,4748,2567,3431,3259,2252,761,2513,2207,3278,786,515,449,1401,1134,1308
"Pver_g11124",1719,2788,1599,3231,2488,2701,2554,3638,3032,2679,2083,2092,2359,1644,2789,2517,3177,3622,2670,3375,3239,2156,1639,2482,2348,3262,1543,875,1038,2549,2305,2175
"Pver_g11126",141,42,316,179,248,130,359,181,44,230,165,351,292,84,29,67,37,111,83,305,130,18,629,74,90,105,127,186,511,231,535,66
"Pver_g606",293,734,405,522,516,549,519,643,839,447,466,378,568,285,699,501,578,722,560,583,634,475,427,765,562,649,485,254,365,480,357,411
"Pver_g3620",355,692,389,677,580,603,444,709,744,607,442,440,672,428,629,560,661,697,453,617,536,402,427,649,551,724,352,235,300,413,484,609
"Pver_g4013",174,515,141,467,388,391,332,579,433,399,352,314,412,307,530,536,445,636,456,301,531,323,233,578,399,532,150,53,133,280,242,361
"Pver_g4016",16811,7131,4188,7387,8654,5451,4139,7502,5782,8200,9086,9725,9217,3500,4101,4604,3291,4390,6037,4163,2914,3837,18314,5150,8878,5939,11798,10608,27558,6564,10825,9602
"Pver_g7929",556,1069,428,1025,883,879,758,941,1084,763,921,923,919,473,1028,675,943,1230,786,1168,964,563,533,894,989,1134,465,393,562,749,568,708
"Pver_g12312",1785,239,200,422,320,318,216,271,378,406,1299,616,579,114,101,161,36,117,448,249,33,135,3262,160,614,323,2597,1913,2286,198,850,351
"Pver_g187",183,435,195,230,273,229,265,235,307,321,214,213,174,192,268,297,262,435,259,314,341,239,152,352,258,392,166,108,158,270,218,235
"Pver_g16605",7381,226,634,200,130,188,140,237,765,334,2028,442,434,97,155,97,135,135,429,298,103,443,2905,166,573,344,4632,3401,5558,308,1592,179
"Pver_g18735",1481,2062,632,1610,2455,1384,1136,2479,801,1747,677,1765,1139,1245,977,1511,1005,1993,542,1154,695,354,1683,1151,1342,1025,1342,912,2040,1394,2213,2643
"Pver_g26142",360,351,260,351,370,261,275,344,211,192,261,393,252,283,249,169,167,289,297,239,254,86,449,375,337,277,308,400,556,222,402,458
"Pver_g6070",2336,2730,908,1590,2078,1527,1187,1992,1052,1518,1082,1664,1677,1053,1189,1637,1037,1226,1203,895,924,840,3388,1508,1765,1550,1696,1718,4487,1364,2051,2763
"Pver_g2043",254,534,406,439,347,337,488,533,548,427,411,314,660,227,741,587,603,916,591,534,705,527,412,616,499,704,366,227,213,567,591,369
"Pver_g3259",32,20,0,80,8,20,23,43,126,5,43,35,51,28,9,33,11,99,24,427,359,54,0,80,49,5,14,17,16,20,26,9
"Pver_g19246",4689,3444,3740,4968,3303,3428,4192,4805,3296,4474,4463,4695,3660,2808,3238,2653,2511,4397,2959,3364,3730,2650,5418,4258,3580,4069,5575,3109,6065,5386,4051,5801
"Pver_g17354",26,59,0,4,5,0,4,45,35,43,31,31,0,166,445,4,15,11,57,3,42,120,0,431,0,586,0,0,6,671,0,0
"Pver_g11175",301,624,315,590,526,515,434,678,477,489,538,453,375,458,561,680,494,731,458,534,559,391,346,709,521,809,382,224,329,513,372,525
"Pver_g11179",1135,146,99,628,241,102,149,216,284,337,564,521,183,381,228,61,94,181,219,146,64,150,2579,427,863,156,1202,969,4769,64,750,680
"Pver_g8105",30522,25156,29109,31635,37318,45279,44468,48018,19563,26678,27336,51209,29808,24775,26764,19060,16429,44338,21510,38591,26853,17114,39943,29917,25412,47392,33899,21133,27765,39207,52778,32784
"Pver_g8101",4164,7139,3171,5896,7154,4961,4227,7116,2822,4322,3770,3944,4818,2955,4198,4736,3549,5540,2432,3193,3262,2123,6349,3773,4772,4210,3900,4189,10741,4459,5237,7505
"Pver_novel_187_5de57afd",25548,11293,4199,11381,17685,11715,9820,18391,5405,7579,13918,11505,9086,7122,5653,6528,1022,3399,3465,3731,2094,1551,17465,3851,8738,6133,17614,13447,21164,5517,14239,17434
"Pver_g16112",188,420,344,261,992,1146,436,774,200,150,39,1059,181,601,111,144,208,593,165,184,378,126,1054,355,515,327,709,418,258,231,753,753
"Pver_g10186",1179,25,46,29,33,49,20,57,56,26,533,145,80,27,30,5,21,28,137,76,75,54,1373,43,104,50,595,829,2752,62,240,46
"Pver_g10188",2067,60,0,26,9,36,50,60,39,40,154,31,96,20,15,0,17,51,31,26,0,94,725,27,158,25,457,849,754,27,65,82
"Pver_g16932",162,47,64,63,33,54,6,16,39,18,142,161,50,3,23,10,47,9,30,36,0,19,430,17,31,0,323,119,441,30,37,23
"Pver_g1867",955,1797,1017,1321,1176,1474,1143,1608,1453,1303,991,1001,1164,923,1416,1490,1595,2085,1306,1560,1462,1156,1012,1814,1389,2165,900,575,895,1393,1126,1284
"Pver_novel_715_5de57afd",1488,132,406,298,154,141,269,348,298,111,264,388,370,68,192,178,247,307,322,203,249,404,1132,147,479,424,175,423,4139,478,506,116
"Pver_g17946",83,297,103,289,437,176,193,393,301,398,310,333,349,374,503,746,175,317,342,329,282,243,208,523,556,412,196,163,261,271,270,239
"Pver_g11103",167,189,448,133,142,339,197,276,54,47,61,190,80,120,0,80,75,203,107,133,107,59,339,143,58,172,291,275,106,144,130,69
"Pver_g18259",2314,3517,3428,3921,4603,2491,2591,3540,3936,4174,3566,3032,3515,2267,5506,4657,3947,4163,4791,4716,3236,3371,2066,4067,2838,4293,2202,1721,1969,3229,2539,4664
"Pver_g1773",55,24,19,0,6,0,7,216,510,1240,1627,29,29,22,12,8,176,76,692,354,367,168,30,74,41,75,79,13,30,24,186,144
"Pver_g1577",904,1129,743,1296,720,1303,861,1260,504,664,661,1013,811,474,649,531,387,1338,338,823,630,407,1355,696,729,1202,825,405,591,1300,762,892
"Pver_novel_520_5de57afd",5050,151,284,255,213,250,147,376,441,309,1996,789,1421,52,208,59,114,164,411,235,76,273,4347,181,855,272,3564,4194,11089,448,1093,160
"Pver_g9534",976,1676,794,1555,1194,1413,1318,2127,1688,1568,1077,1250,1479,1138,1594,1153,1658,2010,1705,1397,1373,963,795,1674,1280,1880,731,600,753,1278,1307,1246
"Pver_g16873",6747,6744,4609,6878,6480,5753,4247,7808,4852,5419,7764,6920,5050,2767,4195,4277,4980,6916,4694,5478,5529,3776,10879,6070,6554,5620,5668,6810,13653,8251,6324,5891
"Pver_g16877",3711,248,285,163,168,343,337,325,225,349,234,130,315,173,216,82,212,245,118,114,256,281,3677,103,121,130,404,1690,885,349,235,130
"Pver_g11858",99,21,108,129,94,87,197,189,43,86,82,141,154,53,43,81,15,107,52,64,33,0,565,40,59,67,138,243,125,75,243,82
"Pver_g18067",1995,1139,242,710,733,274,454,746,373,877,639,717,755,523,504,906,261,583,689,353,382,267,2996,706,920,758,2388,2359,2275,505,1473,1427
"Pver_g8581",2761,1121,409,2012,2588,1129,679,1290,1605,941,3964,5668,2044,266,1047,362,679,589,1426,597,503,634,8688,1257,1748,1329,2186,2335,14442,3480,1758,1296
"Pver_g5180",521,1727,834,1068,941,870,902,1220,970,1132,1010,752,1058,787,1025,1379,1444,1464,1047,1105,1213,933,795,1482,1299,1249,723,516,614,1299,1128,764
"Pver_g5181",116,435,132,164,71,237,365,212,57,75,49,174,76,42,175,70,70,68,222,128,104,34,180,50,69,111,184,48,328,72,99,39
"Pver_g18899",582,85,219,198,385,122,21,170,478,400,772,1202,326,15,91,59,56,60,202,62,16,186,877,79,548,279,890,1274,7566,990,519,190
"Pver_g25980",203,56,52,79,67,134,77,176,36,101,88,62,162,28,27,57,12,38,60,89,50,16,384,79,83,58,149,169,364,54,95,70
"Pver_g19273",2149,1278,2861,260,575,1025,447,3773,73,259,158,642,216,410,390,414,37,26,11411,275,165,327,29,766,74,1173,2581,37,550,40,537,944
"Pver_g7570",3498,5018,3710,4000,4438,3538,4532,5366,4698,4360,4112,3100,4260,2547,4485,3509,4568,7279,4784,5376,5559,3009,3084,4868,4248,6425,3006,2261,2060,3409,2895,2437
"Pver_g15",400,845,500,953,754,441,799,825,2001,2236,1480,1355,957,795,1101,1692,1020,881,1607,717,430,1053,823,1471,2196,947,912,419,1035,564,646,591
"Pver_g14",1504,2385,1631,2168,1944,1767,1823,2091,2200,2094,1453,1659,2007,1343,2005,1806,2255,2491,1761,1920,2124,1539,1535,2495,2094,2221,1549,993,1271,1882,1762,1872
"Pver_g14127",403,2250,1053,1515,464,729,1846,2296,292,405,1294,2824,731,2626,764,673,187,334,761,394,197,93,883,573,1851,153,8874,419,1380,518,3072,13395
"Pver_g10341",48,26,31,327,41,21,21,29,95,21,29,242,31,0,114,11,47,19,0,29,14,24,307,32,45,58,73,189,530,967,32,16
"Pver_g10340",2370,1610,821,1522,1026,1197,962,1387,1008,966,1295,1547,1302,842,960,1166,898,1145,953,988,1021,796,2791,1216,1785,1202,1611,1406,3825,1569,1403,1604
"Pver_g23200",73,188,18,306,145,143,19,364,46,417,520,53,779,417,23,81,500,4111,419,225,3115,104,246,640,37,134,184,243,187,29,22,22
"Pver_g14710",21666,3858,3162,3434,5328,2406,2573,5138,4677,6134,9862,5644,5205,1706,4712,2987,4121,2819,3588,3188,3700,4227,22840,2110,5824,5071,12513,10469,31837,6107,10403,3673
"Pver_g22809",455,512,190,432,502,334,351,624,549,562,413,306,474,266,450,405,456,497,559,477,524,379,300,442,480,587,270,145,269,399,353,390
"Pver_g1156",2794,3004,2982,3430,1788,1927,1656,4135,3249,1666,1775,1577,1589,1039,1518,1846,2268,2483,810,2083,2328,1532,2655,1614,2032,1555,2348,1632,3317,4396,2344,2231
"Pver_g2753",3267,712,618,1097,558,722,499,813,957,646,1744,1737,755,269,529,299,572,599,850,763,466,518,3890,896,919,601,1887,1984,4635,821,785,643
"Pver_g10859",379,167,728,1055,334,531,707,587,212,271,319,529,989,276,87,146,127,285,237,911,162,72,3063,569,436,374,1033,774,913,895,700,1007
"Pver_g16339",273,571,310,527,382,451,375,474,527,372,365,301,420,393,429,371,571,463,553,497,418,329,284,495,460,442,260,182,244,322,321,357
"Pver_g8906",147,15,88,62,42,44,93,36,19,18,13,88,39,11,35,12,37,51,11,108,42,30,171,33,16,18,39,138,100,33,33,23
"Pver_g5890",3420,5060,3295,5377,4016,4221,3981,6056,3736,4049,4036,4921,3392,2919,3439,2987,3717,4849,3300,4242,4382,2641,4573,4896,3888,4091,3395,2476,3355,4227,3754,4961
"Pver_g13227",84,672,16,750,83,17,34,933,811,23,37,42,37,8,18,43,25,13,20,6,30,23,978,38,36,28,47,1039,2485,25,18,568
"Pver_g15943",4639,6314,3894,7116,5148,5767,5454,6875,4402,4707,4426,6445,4542,3595,3661,3714,4693,6824,4090,5381,5504,3132,6796,5936,5385,5066,4196,3260,5096,4835,4525,5024
"Pver_g3301",1570,285,1305,508,411,605,857,514,405,540,687,1432,429,254,535,351,522,463,429,361,475,535,1765,585,731,506,1430,1138,4751,692,1257,837
"Pver_g5996",548,1077,594,907,910,636,745,1036,993,921,777,791,802,496,731,752,1035,1000,682,947,983,774,690,986,801,1023,448,454,507,806,756,661
"Pver_g25354",11,114,47,7,13,78,0,204,20,5,1,25,2,8,8,41,0,14,64,6,6,22,10,22,10,11,3,106,151,204,110,112
"Pver_g23231",288,872,336,674,531,507,493,559,505,573,563,419,511,361,542,560,541,762,507,714,585,380,446,769,510,711,365,264,249,418,384,557
"Pver_g15783",5096,3583,993,2894,3391,2314,1826,3320,1347,2207,2950,1949,2146,1300,1560,1278,848,1489,1142,1154,1273,793,3685,1783,1774,1359,3950,1699,3192,2025,3882,3075
"Pver_g14546",2960,693,691,768,653,526,571,820,864,624,1673,1188,563,258,676,319,515,613,1099,732,520,840,2138,710,708,582,2583,1459,5408,754,979,629
"Pver_g24031",232,347,224,354,451,378,321,492,306,301,297,288,314,110,305,189,237,326,107,187,220,144,441,177,233,395,215,142,415,474,299,377
"Pver_g12218",266,683,413,518,523,608,521,931,497,836,282,474,614,641,713,782,699,1321,587,850,957,705,341,964,671,1109,373,264,315,732,600,650
"Pver_g14591",2145,2669,1688,2929,1452,1586,906,1654,2162,1003,2287,1728,1550,568,880,692,1160,1195,963,1099,1462,835,3051,1546,1836,895,1417,1873,3362,1519,1312,1197
"Pver_g19702",574,300,441,529,630,536,1764,1271,325,248,334,1843,307,930,383,269,279,522,247,701,288,215,1160,578,797,553,699,326,337,735,884,1855
"Pver_g10679",70,54,365,174,201,80,309,162,153,142,214,284,119,26,106,123,86,124,84,76,128,17,100,161,107,79,566,70,166,324,212,370
"Pver_g10672",2999,1204,1611,1740,1877,1279,1346,2164,1562,1630,2395,2225,1987,478,1290,1094,1420,1505,1055,1632,1374,1239,3038,1055,1898,1791,2791,2875,6222,2907,3005,1186
"Pver_g25700",8748,12023,5640,12433,10325,7923,7875,11472,7232,8377,8444,8801,7718,5135,5722,7406,6822,9622,5486,6957,8504,4816,10330,8086,8407,7273,6306,5842,10588,10151,8578,9066
"Pver_g14886",1745,1560,1198,1641,1906,2946,1403,1942,967,1203,952,1743,1109,612,821,748,602,1358,1123,2229,1688,1006,2296,1085,1117,1394,903,1657,1727,1479,1888,683
"Pver_g8459",187,545,263,344,401,485,319,529,583,542,475,323,379,265,451,311,418,754,448,420,353,322,358,470,764,439,318,170,194,332,299,322
"Pver_g25577",481,339,320,332,276,303,274,389,347,232,286,351,240,184,215,199,193,360,225,407,300,186,428,278,245,295,321,248,363,388,269,312
"Pver_g630",333,53,78,84,42,57,167,26,60,49,113,220,96,91,89,25,9,124,190,139,54,93,820,99,144,119,267,342,449,73,613,200
"Pver_g16367",201,407,135,377,280,260,224,384,272,335,211,231,427,232,321,371,239,398,315,283,280,222,225,423,312,387,218,83,203,231,239,233
"Pver_g696",914,1410,876,1452,1357,1171,1228,1544,1435,1121,1103,853,1304,1012,1289,957,1468,1508,1155,1402,1399,881,920,1318,1527,1234,774,551,775,968,882,1101
"Pver_g8642",4261,5713,4220,5135,6922,7191,5012,9148,9389,9917,9171,4582,9866,6222,10442,8219,9401,13351,10964,14336,11190,9439,4445,8960,8481,12633,3724,3032,3250,4995,4933,7291
"Pver_g11363",134,231,212,165,559,678,233,421,80,109,30,607,101,377,42,74,146,362,136,89,288,62,672,295,355,171,556,212,168,202,388,556
"Pver_g13298",1485,2412,1733,2632,2325,1868,1906,2747,2577,2267,2163,1964,1855,1590,2329,2061,2224,3478,2123,2824,2008,1806,1694,2272,2263,2315,1506,1091,1413,2058,2050,2131
"Pver_g15997",224,327,173,267,325,116,249,749,793,794,466,679,456,446,599,562,248,586,707,212,299,430,281,929,765,351,284,118,225,513,264,393
"Pver_g26107",5253,144,180,511,245,209,136,660,351,87,1759,218,900,19,59,24,44,108,262,993,58,81,7675,72,583,62,2303,3435,3198,105,538,49
"Pver_g1553",10270,11847,8302,12197,11802,9737,9159,14168,9539,10930,9599,12084,10107,6415,9005,7758,8535,13832,9293,10880,9344,7056,12372,9829,10255,10497,9210,7614,14075,11463,10231,10621
"Pver_g24074",842,87,74,295,94,408,92,292,309,139,120,342,189,95,94,83,73,178,51,77,145,80,297,122,67,90,195,453,480,70,313,199
"Pver_g10284",13297,10418,7262,11116,8083,8134,7729,10851,8624,8082,9488,10562,7517,5346,7338,6986,7317,10750,6980,8683,7853,5410,16986,8998,9101,8585,8737,9285,18810,8441,8248,10441
"Pver_g18546",10367,11356,5531,12478,9971,9192,11686,16578,6627,7787,7504,9158,9696,5088,7037,8164,6680,10052,8289,7501,8335,4723,9842,7540,7120,9018,7110,4113,11635,9340,9955,9631
"Pver_g6935",1354,880,4253,2564,3742,3001,4509,4778,740,4162,1909,2449,948,2776,1244,1373,932,3240,1332,2721,2407,243,5746,1814,1838,1247,2004,2562,3087,10461,4140,1794
"Pver_g4366",6165,819,3243,852,950,1357,815,1797,1303,795,1465,1156,966,367,613,541,692,900,878,1809,817,1368,4794,825,1303,1829,3373,4065,3222,1601,2546,1054
"Pver_g8856",917,2068,856,1679,1193,1350,1226,1538,1629,1765,1123,893,1547,817,1449,1421,1960,2196,959,997,1600,932,715,1707,1552,1599,673,327,484,905,1176,1106
"Pver_g15541",12155,1684,2074,1921,1744,1554,1096,1720,1952,1449,5621,3416,2715,692,1519,848,1548,1545,2115,1531,1447,2459,15947,1698,3484,1907,5129,10103,21422,2647,2936,1710
"Pver_g4156",23,14,14,25,50,32,33,50,5,50,278,10,230,35,111,246,158,22,97,37,164,131,20,138,164,20,118,0,12,18,7,17
"Pver_g14920",2059,3396,1802,2636,2821,2632,2433,3527,2170,1974,2383,2178,2099,1457,1934,2198,1674,2684,1560,2174,2027,1212,2125,2611,2307,2454,1649,1353,2107,2460,2723,2841
"Pver_g21328",210,233,47,100,165,146,334,259,94,186,169,134,600,174,409,173,176,453,239,441,712,255,66,510,153,152,57,154,68,151,99,148
"Pver_g19191",17391,1731,7037,13339,662,901,8114,26675,590,1411,1981,1331,11,478,1187,37,905,1944,1067,24,497,932,1582,209,2421,734,1371,75,17858,9724,607,64
"Pver_g19192",7618,351,1833,10097,261,259,6054,2747,204,285,479,194,14,118,107,26,1335,939,422,46,157,167,414,515,130,221,305,31,8730,6897,367,37
"Pver_g488",211,294,230,269,228,261,186,463,166,162,169,277,215,92,244,161,144,322,174,153,176,120,309,199,261,225,198,150,227,220,198,189
"Pver_g7958",80,49,129,135,85,75,98,78,46,96,54,139,113,32,13,71,13,82,89,111,51,21,307,93,44,94,142,116,99,76,136,126
"Pver_g10191",10143,2768,1263,3580,1277,1572,1472,2360,1702,1379,3543,3013,1466,832,889,868,2178,2035,1803,1192,1878,2345,5664,2080,2666,1097,2977,4616,6227,3879,2536,1712
"Pver_g7331",125,192,235,249,320,438,224,366,83,105,80,364,100,205,62,67,145,295,117,58,274,37,567,144,216,190,467,142,156,130,251,263
"Pver_g8733",14,96,54,34,90,128,45,37,31,54,38,70,36,25,69,19,17,21,18,38,20,24,113,17,35,63,38,23,62,74,100,37
"Pver_g2772",2545,1430,1564,2018,2243,1352,1194,1362,1302,1061,1648,1567,1800,697,817,818,988,1610,963,1381,1573,871,3824,1284,2211,1658,1727,2470,2623,1722,1732,1412
"Pver_g16312",4188,2580,2959,2685,3633,5275,1773,4711,2250,3081,2242,2710,2616,1449,1632,2237,1585,3493,2300,3396,2654,1588,3261,2244,1982,2775,2353,2338,1860,5302,5762,1811
"Pver_g8671",650,846,394,1034,772,896,689,1808,175,243,212,635,479,134,856,248,170,640,127,365,201,170,1302,394,70,556,227,411,322,437,689,550
"Pver_g5098",561,520,1023,2739,654,755,1177,635,724,879,2935,2804,1896,236,1140,153,152,280,640,191,298,308,6552,386,921,556,5666,2528,3121,739,2303,1629
"Pver_g5097",234,214,457,966,214,333,319,215,306,247,1914,1422,752,94,817,37,96,188,251,103,135,124,3303,156,198,330,1948,1454,2215,285,2109,936
"Pver_g19655",21,2,18,16,43,15,6,7,35,46,51,113,39,7,7,10,4,0,17,17,0,34,144,15,24,16,160,239,480,43,45,37
"Pver_g8880",84,78,66,82,110,78,133,180,283,120,737,56,87,114,87,90,94,97,323,160,68,398,99,76,176,358,43,73,99,103,52,85
"Pver_g13770",4089,506,797,1772,741,516,1410,406,482,832,1033,920,800,843,454,143,683,376,410,199,141,564,8556,944,1838,334,1111,2109,9737,326,1686,2176
"Pver_g13043",161,356,214,281,252,234,318,214,318,437,281,288,253,303,266,253,342,445,260,331,304,321,137,387,305,339,154,53,75,294,277,206
"Pver_g9786",691,1165,616,1501,1117,892,1307,1422,1211,1387,1040,929,1285,991,1495,1117,1062,1514,1132,1280,1177,882,683,1367,1025,1608,767,497,422,861,843,753
"Pver_g18523",5490,5746,5213,6894,7123,5835,4118,7683,4681,5199,6001,5868,4995,2613,4136,4030,4202,5858,4156,4747,5407,3120,6791,4942,4444,5105,3982,3100,6716,6675,4957,5528
"Pver_g15656",1611,657,178,1778,371,358,381,737,394,508,1211,2143,454,65,159,103,660,326,546,261,238,450,3756,545,538,322,989,1048,5234,362,315,122
"Pver_g15034",135,266,113,170,243,164,142,238,232,159,200,190,200,120,204,127,129,312,211,320,276,142,120,267,236,236,127,66,82,146,183,142
"Pver_g18313",2247,330,351,428,743,375,426,651,563,921,903,1016,687,206,401,278,121,232,512,462,213,235,979,308,364,432,723,873,5229,586,674,584
"Pver_g15598",557,1019,609,850,986,656,788,1156,770,897,558,679,861,644,992,921,820,1308,786,792,1450,874,502,1178,913,942,599,231,380,761,831,739
"Pver_g1502",64,131,178,59,83,111,82,157,24,78,61,125,95,55,48,49,15,76,35,50,53,27,191,92,42,113,102,45,49,133,186,65
"Pver_g774",294,548,210,380,332,347,457,423,646,475,339,299,316,323,362,573,392,448,480,341,448,250,282,387,345,698,203,152,207,317,310,237
"Pver_g6818",1280,1512,787,1501,1123,1458,1525,1112,184,219,107,2240,192,270,222,181,127,235,140,155,169,138,1494,471,214,177,1604,844,766,1332,2789,3392
"Pver_g6817",558,487,271,511,228,555,499,367,340,103,191,822,137,131,221,139,171,235,100,154,100,147,382,236,205,251,712,238,242,292,612,1495
"Pver_g17012",6,98,1402,66,30,21,3333,25,46,20,22,4152,34,2513,31,18,80,64,11,166,44,13,855,20,6,10,22,31,8,78,24,3181
"Pver_g23276",3346,2154,2259,3527,3082,1877,1414,2566,2397,2030,3346,4075,3094,951,2083,1153,1933,2051,2684,2078,1878,1840,7099,1810,2732,2264,2802,4647,7409,4312,2478,2123
"Pver_g13927",3138,162,252,257,202,187,377,317,229,207,975,442,475,172,232,193,200,305,312,251,297,226,1475,293,325,305,604,1608,3164,394,578,248
"Pver_g15186",2805,2947,2520,3072,3982,3608,2612,3833,2765,2941,3070,3687,3128,1525,2571,1987,1842,3488,2174,2979,2864,1823,3898,2332,2716,3609,2873,2296,2963,3029,3077,2625
"Pver_novel_374_5de57afd",150,173,161,275,208,179,221,288,268,208,187,161,180,200,333,267,161,355,292,426,322,191,136,218,176,201,152,59,100,174,204,163
"Pver_g8700",24,57,0,68,32,71,10,19,16,0,80,47,701,17,17,91,41,172,682,41,26,22,53,223,68,20,20,13,16,9,26,21
"Pver_g1821",596,1198,7895,1472,13538,34579,3108,1968,1585,660,1031,6623,2461,261,1436,1425,498,2849,227,10650,811,1131,15759,1963,645,3175,397,8782,2516,2071,2235,938
"Pver_g7702",1116,823,893,1360,716,781,943,1129,709,778,947,1173,964,524,363,370,548,1128,636,1472,764,528,3252,826,773,768,1141,1073,1472,1068,902,539
"Pver_g13183",315,897,360,870,746,478,605,914,757,760,603,487,714,314,694,621,759,965,608,963,719,498,505,975,795,878,581,253,376,670,493,610
"Pver_g8933",438,322,296,242,644,277,238,359,291,303,496,609,451,86,231,196,185,372,244,155,286,400,805,138,272,245,480,1204,1045,482,343,360
"Pver_g5351",1436,1312,1286,1710,1299,1098,988,1486,1291,1109,1296,1882,1150,397,983,584,1094,1225,896,1007,1106,1138,2360,797,1543,1336,1230,1860,2081,2070,2076,965
"Pver_g12659",16797,1896,1084,3143,8659,3955,2238,4958,6834,4161,2792,4882,5891,389,1733,1061,1813,1220,2917,4557,577,1608,14491,2706,2334,1939,10073,8514,15191,5231,1512,1733
"Pver_g26406",469,511,314,605,360,277,306,326,191,292,350,396,304,313,288,257,201,311,317,270,218,192,430,438,358,336,447,300,502,480,601,592
"Pver_g17502",1508,1288,900,1305,1052,848,841,1039,837,855,1202,1144,1156,579,815,626,719,1137,903,1187,890,535,1702,917,910,1148,1120,1101,2076,1000,1238,1064
"Pver_g25550",93,94,66,66,61,81,213,146,48,101,102,51,271,98,281,132,112,257,150,223,410,144,57,321,78,90,38,107,50,122,58,115
"Pver_g13481",1847,3851,1890,3786,2979,2516,3045,3860,3078,3515,2962,3807,2939,2574,3600,3786,3166,3959,3692,2696,3165,3259,2055,5067,3845,4017,2413,1262,1766,3295,2801,3397
"Pver_g22737",1089,3380,2062,2886,2487,2536,2514,3779,3158,2680,2071,2134,2495,1690,2990,2405,2773,4127,2240,3440,3402,2228,1544,3535,2966,3187,1372,970,1344,3268,2109,2425
"Pver_g8017",94,89,110,34,31,197,201,215,423,194,95,123,305,149,220,233,101,444,99,226,111,267,108,112,153,382,62,75,67,78,160,129
"Pver_g17503",6219,3330,2778,3694,3913,2962,2822,4348,3632,3162,4859,4160,3524,1875,2443,2474,2696,3424,3121,3197,2905,2582,7100,2651,4039,3557,4694,4226,10751,4325,4596,4327
"Pver_g16616",142,538,256,208,304,506,389,491,177,341,114,616,204,271,154,149,226,473,142,234,322,171,592,233,174,335,365,225,207,364,510,248
"Pver_g16615",309,546,465,528,567,524,417,751,166,240,184,612,264,540,107,173,245,587,192,179,534,206,641,298,364,401,678,467,175,270,417,594
"Pver_g6262",515,333,171,401,210,259,154,320,154,141,183,309,154,114,245,232,136,323,286,171,159,192,483,202,141,203,214,255,425,319,149,216
"Pver_g9616",354,672,516,560,551,519,599,840,742,598,512,564,692,426,528,521,634,932,645,712,687,474,369,588,401,938,312,201,371,627,433,355
"Pver_g542",6279,1192,1491,1797,1604,1895,1322,2112,2024,1245,2048,2175,1595,1081,1872,895,979,1462,2007,1403,1072,1216,4434,1419,1687,1934,3306,2913,3755,1268,2109,1587
"Pver_g6062",58,7,18,20,42,135,13,56,17,0,3,69,62,27,22,12,0,29,6,34,32,23,401,34,17,53,64,65,123,14,173,27
"Pver_g22963",2378,4323,2293,3275,3749,3258,2558,4107,2873,3330,4856,2758,3278,1883,4272,3132,5165,4904,3980,4368,5186,3796,2151,3577,3835,4473,1601,1870,1923,2995,2596,3131
"Pver_g7210",125,220,217,242,251,356,183,367,108,163,149,350,133,207,75,101,117,229,93,158,362,93,392,169,253,164,393,173,158,228,266,176
"Pver_g8096",145,136,196,111,351,542,223,590,46,109,33,406,200,105,179,93,31,203,30,155,111,50,267,125,66,351,333,83,78,177,478,233
"Pver_g9323",855,1924,843,1463,1194,1096,1168,1517,1436,1163,1165,1167,1190,1026,1564,1073,1226,1748,1201,1249,1318,1011,972,1662,1411,1305,884,548,657,1189,1005,1243
"Pver_g18093",1692,1822,1267,1858,1716,1568,1193,1898,1713,1430,1739,1607,1742,1083,1377,1095,1507,1885,1152,1258,1225,937,2485,1457,1270,1766,2388,1433,2195,1720,1895,1660
"Pver_g11293",2743,3188,1921,4684,2318,2886,4033,6143,1873,2656,2294,2912,3137,1287,2151,1937,1760,3930,1583,2863,2671,1508,3868,2361,2600,3193,2339,1513,3267,3198,2947,3103
"Pver_g2049",823,280,284,313,230,375,184,231,250,162,364,280,236,63,157,110,274,314,231,211,158,238,1392,252,252,388,511,540,2108,278,634,162
"Pver_g15488",104,126,77,155,119,351,224,202,31,119,71,206,181,65,58,78,16,227,24,99,87,10,186,61,57,110,155,89,68,212,222,69
"Pver_g22846",1076,177,140,174,297,146,219,246,307,206,437,294,342,45,152,83,216,265,165,122,280,281,1427,155,262,332,543,612,1583,515,727,205
"Pver_g15307",270,388,268,3294,1825,1405,1301,1893,358,360,330,1468,1778,229,233,257,281,431,266,408,395,219,2427,467,377,1518,322,255,2699,1672,1171,350
"Pver_g5639",1918,3866,2173,4029,3084,2729,2952,3916,3855,2954,3377,2679,3060,2080,3344,2955,3298,4865,2729,3095,3268,2185,2597,3200,2910,3050,2090,1526,1649,2826,2140,2723
"Pver_g16517",8,8,21,0,15,0,0,15,8,1077,19,0,511,437,8,611,224,358,995,7,11,0,0,606,4,421,3,233,7,13,14,0
"Pver_g12511",677,326,163,309,455,614,305,461,121,422,288,898,212,213,192,128,130,237,82,296,249,186,1292,169,301,592,436,287,453,521,1176,344
"Pver_g12512",2437,1731,1305,1345,1458,2793,1578,1962,919,1417,1019,2631,758,1190,1110,760,428,2320,1074,1706,1355,829,2990,1466,1422,2029,1452,1194,1042,1753,2977,1279
"Pver_g14201",630,756,128,354,799,568,362,549,203,573,334,305,269,342,421,340,173,425,282,235,124,96,838,232,594,489,614,514,1214,335,430,790
"Pver_g15639",10494,4856,2521,5367,4400,2480,2484,4455,3290,3411,8522,9732,4226,1868,3138,1867,2954,1992,5061,2431,1837,2617,10821,4420,4227,2586,7634,8835,21449,5233,5411,6204
"Pver_g15637",2036,1458,805,696,547,920,853,829,759,421,971,1143,777,166,296,388,621,1062,616,1252,677,275,4088,553,499,468,925,922,5769,1179,491,385
"Pver_g15981",47,43,37,51,34,51,28,74,53,57,49,42,49,47,71,126,39,46,44,66,45,39,34,105,33,78,14,16,36,33,35,28
"Pver_g255",1422,1836,1179,1984,2621,1817,1679,2434,1108,1094,1139,1754,1215,908,1020,1144,583,1000,650,755,829,390,1781,831,1224,1308,1396,969,1774,1514,1889,2268
"Pver_g9487",111,85,110,77,123,250,149,154,28,48,52,119,85,31,89,61,28,69,38,162,54,27,358,55,33,172,186,92,62,50,255,55
"Pver_g18710",8,74,56,0,19,22,10,165,250,85,56,17,37,260,206,78,85,0,8,119,22,20,15,158,255,166,21,18,12,33,0,16
"Pver_g591",343,12,93,135,59,14,138,150,43,29,51,85,74,30,29,8,22,113,32,121,38,60,160,63,60,46,153,117,82,138,104,70
"Pver_g6093",12,104,17,43,10,46,0,32,25,4,18,46,26,23,15,32,0,32,13,37,30,18,375,0,12,14,102,246,692,54,134,276
"Pver_g9524",1879,1024,700,1180,834,852,726,1483,827,1010,611,877,802,565,860,857,627,1197,604,904,711,636,1736,651,772,556,1040,1364,2659,908,939,975
"Pver_g23719",124,191,163,188,225,145,263,378,419,205,1011,266,347,166,256,317,168,238,429,315,155,395,169,230,524,445,142,138,130,214,265,292
"Pver_g6370",1216,3592,923,2029,2685,1649,1504,1878,901,1939,836,1252,1389,1130,1272,1824,850,1160,842,892,811,708,2825,1806,1776,1331,2336,1032,3099,1499,2137,3187
"Pver_g5236",2579,2961,2132,2915,4309,2417,1860,3682,2158,1928,2302,2713,2555,1690,1889,2124,1768,2317,1905,2622,2055,1558,3110,2420,2380,1828,2180,1565,3118,2615,2472,3509
"Pver_g16743",2373,6637,4157,6359,6440,3204,4162,7350,6042,6505,4271,3355,4551,2863,7097,7490,7360,7216,6230,5998,7874,5059,2122,5650,5392,6825,1895,2010,2951,5738,3663,6225
"Pver_g13944",1283,1681,1955,1701,1700,1643,1997,1970,3892,3860,3548,1428,3479,2527,3190,3030,2432,4353,3626,3908,3488,2352,1413,3196,3309,3916,1209,1064,906,1206,1301,1810
