Project,Sample ID,Barcode Sequence,# Reads,Yield (Mbases),Mean Quality Score,% Bases >= 30
30-409975266,19,ATGTAAGT+CATAGAGT,60983645,18295,35.13,89.82
30-409975266,16,AATCCGGA+AACTGTAG,55350153,16605,35.21,90.03
30-409975266,31,GGCATTCT+CAAGCTAG,97300695,29190,35.23,90
30-409975266,32,AATGCCTC+TGGATCGA,106873701,32062,35.37,90.69
30-409975266,5,ATCCACTG+ACGCACCT,75682300,22705,35.39,90.82
30-409975266,8,TGGATCGA+TATCGCAC,66401459,19920,35.4,90.98
30-409975266,11,TCTCTACT+GAACCGCG,47289050,14187,35.41,90.93
30-409975266,30,TTACAGGA+GCTTGTCA,56933145,17080,35.49,91.37
30-409975266,2,TTATAACC+TCGATATC,65903060,19771,35.49,91.38
30-409975266,9,AGTTCAGG+TCTGTTGG,69470721,20841,35.49,91.38
30-409975266,3,GGACTTGG+CGTCTGCG,54750018,16425,35.5,91.39
30-409975266,18,CGGCGTGA+ACAGGCGC,54925723,16478,35.5,91.41
30-409975266,10,GACCTGAA+CTCACCAA,71612079,21484,35.5,91.4
30-409975266,4,AAGTCCAA+TACTCATA,71628445,21489,35.5,91.42
30-409975266,7,CAAGCTAG+CGCTATGT,67758826,20328,35.52,91.5
30-409975266,13,CCAAGTCT+TCATCCTT,78499344,23550,35.53,91.59
30-409975266,6,GCTTGTCA+GTATGTTC,41785116,12536,35.54,91.62
30-409975266,15,GGCTTAAG+GGTCACGA,69348538,20805,35.55,91.7
30-409975266,1,CCGCGGTT+CTAGCGCT,80678130,24203,35.55,91.64
30-409975266,12,CTCTCGTC+AGGTTATA,89746898,26924,35.58,91.82
30-409975266,24,ATGAGGCC+CAATTAAC,49118271,14735,35.6,91.93
30-409975266,26,GTCGGAGC+TTATAACC,54984852,16495,35.6,91.93
30-409975266,14,TTGGACTC+CTGCTTCC,59841119,17952,35.6,91.95
30-409975266,23,GCAGAATT+TGGCCGGT,63671364,19101,35.6,91.93
30-409975266,25,ACTAAGAT+CCGCGGTT,69639904,20892,35.6,91.96
30-409975266,22,AACGTTCC+AGTACTCC,69683131,20905,35.6,91.93
30-409975266,17,TAATACAG+GTGAATAT,58382641,17515,35.61,92.03
30-409975266,29,CCGTGAAG+ATCCACTG,70289502,21087,35.61,91.99
30-409975266,28,TCCAACGC+AAGTCCAA,85099811,25530,35.62,92.05
30-409975266,21,GGTACCTT+GACGTCTT,112298314,33689,35.63,92.07
30-409975266,20,GCACGGAC+TGCGAGAC,55286435,16586,35.64,92.19
30-409975266,27,CTTGGTAT+GGACTTGG,113049760,33915,35.66,92.31